,last_update
MRCC,2022-07-08
BGCP,2022-07-08
IPAR,2022-07-08
LJAQU,2022-07-08
SRTS,2022-07-08
PXI,2022-07-08
EWBC,2022-07-08
BALL,2022-07-08
PYR,2022-07-08
CSBR,2022-07-08
BGS,2022-07-08
FLWS,2022-07-08
SPOK,2022-07-08
HUM,2022-07-08
PETV,2022-07-08
FOX,2022-07-08
EYEN,2022-07-08
HLBZ,2022-07-08
STRL,2022-07-08
AIRC,2022-07-08
REAX,2022-07-08
INVA,2022-07-08
BSJQ,2022-07-08
NOTV,2022-07-08
HBANP,2022-07-08
IR,2022-07-08
SMID,2022-07-08
CPSI,2022-07-08
IBKR,2022-07-08
GPP,2022-07-01
CRSR,2022-07-01
HIG,2022-07-01
EBIX,2022-07-01
PLAY,2022-07-01
MPC,2022-07-01
NOACU,2022-07-01
NTES,2022-07-01
KIM,2022-07-01
GLSPU,2022-07-01
TMO,2022-07-01
SCOAU,2022-07-01
USEG,2022-07-01
LAND,2022-07-01
CMPO,2022-07-01
HBCP,2022-07-01
AGTC,2022-07-01
VBTX,2022-07-01
FPA,2022-07-01
VERO,2022-07-01
SIGI,2022-07-01
CTRN,2022-07-01
SIVBP,2022-07-01
GNSS,2022-07-01
GSIT,2022-07-01
SRE,2022-07-01
VERB,2022-07-01
TNGX,2022-07-01
PALI,2022-07-01
CELC,2022-07-01
ESSCU,2022-07-01
ALNY,2022-07-01
BANR,2022-07-01
VTIQ,2022-07-01
PRCH,2022-07-01
CSML,2022-07-01
TH,2022-07-01
SPPI,2022-07-01
CHD,2022-07-01
AMAOU,2022-07-01
UCYB,2022-07-01
ARBE,2022-07-01
KNDI,2022-07-01
FRAF,2022-07-01
RPTX,2022-07-01
PIRS,2022-07-01
BRO,2022-07-01
GRIN,2022-07-01
UTMD,2022-07-01
EMIF,2022-07-01
TERN,2022-07-01
YORW,2022-07-01
FSEA,2022-07-01
POWL,2022-07-01
LUNG,2022-07-01
IMXI,2022-07-01
ALLT,2022-07-01
MARPS,2022-07-01
MULN,2022-07-01
NMRD,2022-07-01
JBLU,2022-07-01
CLRM,2022-07-01
SURG,2022-07-01
ROST,2022-07-01
POWI,2022-07-01
RNWWW,2022-07-01
VLYPO,2022-07-01
LSAK,2022-07-01
CDEV,2022-07-01
LILAK,2022-07-01
MOFG,2022-07-01
TAOP,2022-07-01
VOD,2022-07-01
CNTG,2022-07-01
ORGS,2022-07-01
DTIL,2022-07-01
WFC,2022-07-01
BNGO,2022-07-01
CDTX,2022-07-01
LEGAU,2022-07-01
LNW,2022-07-01
ADRE,2022-07-01
PTVE,2022-07-01
CDNS,2022-07-01
DSAC,2022-07-01
BSY,2022-07-01
CHW,2022-07-01
AKICU,2022-07-01
DPZ,2022-07-01
LYFT,2022-07-01
CHSCO,2022-07-01
AFL,2022-07-01
CZR,2022-07-01
VKTX,2022-07-01
WSFS,2022-07-01
AMED,2022-07-01
DLTH,2022-07-01
SMFR,2022-07-01
AIH,2022-07-01
INCR,2022-07-01
BOTZ,2022-07-01
PG,2022-07-01
VONG,2022-07-01
EFSC,2022-07-01
TIPT,2022-07-01
CWBC,2022-07-01
MU,2022-07-01
WILC,2022-07-01
MARA,2022-07-01
ATSG,2022-07-01
HURN,2022-07-01
EXTR,2022-07-01
PWR,2022-07-01
FNCB,2022-07-01
PFMT,2022-07-01
MORF,2022-07-01
FMBH,2022-07-01
VOR,2022-07-01
IART,2022-07-01
PINC,2022-07-01
FUND,2022-07-01
GTPAU,2022-07-01
SEED,2022-07-01
PRLD,2022-07-01
ASO,2022-07-01
SBUX,2022-07-01
FIBK,2022-07-01
RNWK,2022-07-01
TDIV,2022-07-01
CHSCP,2022-07-01
PETZ,2022-07-01
VERX,2022-07-01
LMAO,2022-07-01
KERN,2022-07-01
SND,2022-07-01
AZPN,2022-07-01
HSY,2022-07-01
AROW,2022-07-01
BIGC,2022-07-01
BBCP,2022-07-01
EAR,2022-07-01
MREO,2022-07-01
MESO,2022-07-01
SPTKU,2022-07-01
ALGS,2022-07-01
SDAC,2022-07-01
CERE,2022-07-01
SNSR,2022-07-01
LMPX,2022-07-01
LCAHU,2022-07-01
NEPT,2022-07-01
CI,2022-07-01
BELFA,2022-07-01
YY,2022-07-01
FTDS,2022-07-01
BSJP,2022-07-01
CRBP,2022-07-01
TECH,2022-07-01
EYE,2022-07-01
FROG,2022-07-01
PANA,2022-07-01
PFIS,2022-07-01
PDLB,2022-07-01
NCMI,2022-07-01
DTOCU,2022-07-01
XBIO,2022-07-01
RDNT,2022-07-01
VVOS,2022-07-01
ANIP,2022-07-01
CENX,2022-07-01
NBTB,2022-07-01
CONN,2022-07-01
SONM,2022-07-01
ARKO,2022-07-01
KINZU,2022-07-01
QUIK,2022-07-01
LMACU,2022-07-01
EUFN,2022-07-01
KNTE,2022-07-01
PEAR,2022-07-01
TESS,2022-07-01
DGHI,2022-07-01
PTRA,2022-07-01
NWFL,2022-07-01
VIEW,2022-07-01
RCAT,2022-07-01
KVSA,2022-07-01
PENN,2022-07-01
MSPR,2022-07-01
FTAIN,2022-07-01
NBN,2022-07-01
TWLVU,2022-07-01
KHC,2022-07-01
ARQT,2022-07-01
CLRMU,2022-07-01
DWEQ,2022-07-01
CLDX,2022-07-01
OCUL,2022-07-01
AUUD,2022-07-01
VMW,2022-07-01
TAYD,2022-07-01
RGEN,2022-07-01
RHI,2022-07-01
ENVX,2022-07-01
DCOM,2022-07-01
PETS,2022-07-01
NRIX,2022-07-01
NWL,2022-07-01
OCGN,2022-07-01
NEO,2022-07-01
BSMO,2022-07-01
CNCR,2022-07-01
IPG,2022-07-01
ICHR,2022-07-01
FCAP,2022-07-01
SO,2022-07-01
TENX,2022-07-01
HDSN,2022-07-01
BFI,2022-07-01
RSG,2022-07-01
SLY,2022-07-01
WHLR,2022-07-01
EGBN,2022-07-01
AVRO,2022-07-01
PRIM,2022-07-01
LILMW,2022-07-01
ALJJ,2022-07-01
FGFPP,2022-07-01
DTE,2022-07-01
CMPX,2022-07-01
APM,2022-07-01
SCPL,2022-07-01
RGLS,2022-07-01
PLBY,2022-07-01
IQM,2022-07-01
HBNC,2022-07-01
RUBY,2022-07-01
ACAHU,2022-07-01
ARCT,2022-07-01
SPWR,2022-07-01
GTIM,2022-07-01
SOLO,2022-07-01
JOFFU,2022-07-01
GRID,2022-07-01
ALRM,2022-07-01
STZ,2022-07-01
RNSC,2022-07-01
BTCS,2022-07-01
BILI,2022-07-01
SNPS,2022-07-01
TOMZ,2022-07-01
VUZI,2022-07-01
EJFAU,2022-06-22
FGM,2022-07-01
BSGM,2022-07-01
BCBP,2022-07-01
LNTH,2022-07-01
JNPR,2022-07-01
AUTL,2022-07-01
AGNCN,2022-07-01
MESA,2022-07-01
HMPT,2022-07-01
CIL,2022-07-01
NTRS,2022-07-01
ACHL,2022-07-01
CRM,2022-07-01
VMD,2022-07-01
PBPB,2022-07-01
PFHD,2022-07-01
EPHYU,2022-07-01
ELTK,2022-07-01
AESE,2022-07-01
HYZD,2022-07-01
USWS,2022-07-01
VINC,2022-07-01
HEES,2022-07-01
ZI,2022-07-01
BRQS,2022-07-01
KEJI,2022-07-01
SLB,2022-07-01
TIRX,2022-07-01
INKA,2022-07-01
PIE,2022-07-01
PTE,2022-07-01
LW,2022-07-01
CETXP,2022-07-01
CID,2022-07-01
KALV,2022-07-01
BVXV,2022-07-01
PKI,2022-07-01
SIEB,2022-07-01
MGTX,2022-07-01
MFLX,2022-07-01
CWBR,2022-07-01
KAIRU,2022-07-01
COHR,2022-06-30
BWB,2022-07-01
MBNKP,2022-07-01
ECPG,2022-07-01
FENY,2022-07-01
AMPG,2022-07-01
HOLX,2022-07-01
HCIIU,2022-07-01
BSCO,2022-07-01
SMH,2022-07-01
MIND,2022-07-01
BKCC,2022-07-01
LSXMK,2022-07-01
SNCE,2022-07-01
LUXAU,2022-07-01
LEDS,2022-07-01
AIRT,2022-07-01
TWNK,2022-07-01
COF,2022-07-01
ACOR,2022-07-01
WINT,2022-07-01
KBWR,2022-07-01
GRABW,2022-07-01
UCBIO,2022-07-01
MBUU,2022-07-01
EZPW,2022-07-01
FFBW,2022-07-01
HYMC,2022-07-01
ANIX,2022-07-01
BLDE,2022-07-01
MACA,2022-07-01
SYY,2022-07-01
RFMZ,2022-07-01
AWK,2022-07-01
VOOV,2022-07-01
CTAS,2022-07-01
HUMA,2022-07-01
QYLG,2022-07-01
ISIG,2022-07-01
GBDC,2022-07-01
USMC,2022-07-01
BCTX,2022-07-01
VGFC,2022-07-01
COLI,2022-07-01
BKEP,2022-07-01
SBNY,2022-07-01
PSTX,2022-07-01
HWC,2022-07-01
CULL,2022-07-01
FTXL,2022-07-01
GBT,2022-07-01
IMAC,2022-07-01
ICLR,2022-07-01
FITBI,2022-07-01
FREE,2022-07-01
YJ,2022-07-01
PHR,2022-07-01
EMB,2022-07-01
KARO,2022-07-01
CFBK,2022-07-01
TCRT,2022-07-01
MACK,2022-07-01
TDG,2022-07-01
SRCE,2022-07-01
GRVY,2022-07-01
MTAC,2022-07-01
OMEG,2022-07-01
OSPN,2022-07-01
HHS,2022-07-01
XELB,2022-07-01
PECO,2022-07-01
FTCVW,2022-07-01
AYTU,2022-07-01
FMIVU,2022-07-01
ACKIT,2022-07-01
OXY,2022-07-01
BENEU,2022-07-01
FCCO,2022-07-01
AIRG,2022-07-01
CHMG,2022-07-01
GHAC,2022-07-01
TBK,2022-07-01
MCRI,2022-07-01
PXLW,2022-07-01
NVEE,2022-07-01
AFMD,2022-07-01
TROW,2022-07-01
WTFC,2022-07-01
RNLX,2022-07-01
CERS,2022-07-01
UHS,2022-07-01
HBT,2022-07-01
SLP,2022-07-01
RXT,2022-07-01
AMYT,2022-07-01
COP,2022-07-01
GABC,2022-07-01
LOGI,2022-07-01
OSTR,2022-07-01
SMBK,2022-07-01
CALM,2022-07-01
SSNT,2022-07-01
TEKKW,2022-07-01
HSTO,2022-07-01
FJP,2022-07-01
AAXJ,2022-07-01
TA,2022-07-01
SCOBU,2022-07-01
DXC,2022-07-01
FORD,2022-07-01
AGIO,2022-07-01
KFFB,2022-07-01
DGICB,2022-07-01
GOGL,2022-07-01
SYM,2022-07-01
AREC,2022-07-01
BTEC,2022-07-01
VJET,2022-07-01
LMAT,2022-07-01
ADTX,2022-07-01
SSAAU,2022-07-01
LYV,2022-07-01
GPRE,2022-07-01
SDVY,2022-07-01
AMSC,2022-07-01
VIA,2022-07-01
EDAP,2022-07-01
BBD,2022-07-01
FCUV,2022-07-01
KIRK,2022-07-01
CAMT,2022-07-01
SLS,2022-07-01
ROL,2022-07-01
FRBK,2022-07-01
AFAQU,2022-07-01
GOEX,2022-07-01
LPTX,2022-07-01
ALR,2022-07-01
SHV,2022-07-01
CGEN,2022-07-01
KPLT,2022-07-01
OTTR,2022-07-01
OMC,2022-07-01
HTLF,2022-07-01
TWST,2022-07-01
DNN,2022-07-01
BLU,2022-07-01
ATVCU,2022-07-01
QTEC,2022-07-01
SPLK,2022-07-01
SAFM,2022-07-01
FFHL,2022-07-01
VLYPP,2022-07-01
BFIN,2022-07-01
THMO,2022-07-01
CZWI,2022-07-01
AQN,2022-07-01
AVPT,2022-07-01
MCHP,2022-07-01
CYTK,2022-07-01
MNDT,2022-07-01
NFTY,2022-07-01
CHNR,2022-07-01
IGNYU,2022-07-01
EZU,2022-07-01
ZEST,2022-07-01
ESQ,2022-07-01
WVVIP,2022-07-01
NATR,2022-07-01
EQIX,2022-07-01
EXAS,2022-07-01
AIA,2022-07-01
IBTH,2022-07-01
TGA,2022-07-01
WERN,2022-07-01
JNCE,2022-07-01
LMFA,2022-07-01
PDEX,2022-07-01
HBIO,2022-07-01
MAPS,2022-07-01
BRP,2022-07-01
BIS,2022-07-01
ACRX,2022-07-01
INBX,2022-07-01
APDN,2022-07-01
AON,2022-07-01
BWAY,2022-07-01
RGP,2022-07-01
ETSY,2022-07-01
OFS,2022-07-01
WHLRD,2022-07-01
CVX,2022-07-01
HALL,2022-07-01
QLGN,2022-07-01
EPSN,2022-07-01
BIVI,2022-07-01
VALU,2022-07-01
CBRL,2022-07-01
SHYF,2022-07-01
STX,2022-07-01
SWKS,2022-07-01
TAP,2022-07-01
SINT,2022-07-01
FTXG,2022-07-01
QQQN,2022-07-01
COVAU,2022-07-01
NI,2022-07-01
DDOG,2022-07-01
CHY,2022-07-01
NKLA,2022-07-01
DIS,2022-07-01
PROF,2022-07-01
LEGR,2022-07-01
PRFX,2022-07-01
MGI,2022-07-01
ENJYW,2022-07-01
UVSP,2022-07-01
IPWR,2022-07-01
AMSF,2022-07-01
LIN,2022-07-01
FYT,2022-07-01
ONEM,2022-07-01
AIG,2022-07-01
OSBC,2022-07-01
NESR,2022-07-01
SLGG,2022-07-01
BSCU,2022-07-01
CRTO,2022-07-01
BSX,2022-07-01
LFTR,2022-07-01
BNFT,2022-07-01
FITB,2022-07-01
MYPS,2022-07-01
GNT,2022-07-01
EUCRU,2022-07-01
ACEVU,2022-07-01
OM,2022-07-01
CND,2022-07-01
ATEC,2022-07-01
HRZN,2022-07-01
DRVN,2022-07-01
CFVIU,2022-07-01
TOPS,2022-07-01
PZZA,2022-07-01
OPT,2022-07-01
EA,2022-07-01
STGW,2022-07-01
KOPN,2022-07-01
PEZ,2022-07-01
CYTO,2022-07-01
GHSI,2022-07-01
AIQ,2022-07-01
SXTC,2022-07-01
SSP,2022-07-01
CCNEP,2022-07-01
ORIC,2022-07-01
EZGO,2022-07-01
OCAX,2022-07-01
BRPMU,2022-07-01
ASET,2022-07-01
ABST,2022-07-01
SNFCA,2022-07-01
CNOB,2022-07-01
ZIVO,2022-07-01
DFEB,2022-07-01
BJK,2022-07-01
SASR,2022-07-01
ARRY,2022-07-01
ANY,2022-07-01
PTF,2022-07-01
CTAQ,2022-07-01
UBSI,2022-07-01
FV,2022-07-01
EVLO,2022-07-01
OXLCP,2022-07-01
QFIN,2022-07-01
CSQ,2022-07-01
OMER,2022-07-01
WETF,2022-07-01
VTAQU,2022-07-01
VC,2022-07-01
ADMP,2022-07-01
KLIC,2022-07-01
HEWC,2022-07-01
SABRP,2022-07-01
REVHU,2022-07-01
ADI,2022-07-01
EQRR,2022-07-01
ADMA,2022-07-01
BLRX,2022-07-01
SMG,2022-07-01
NBIX,2022-07-01
GP,2022-07-01
DOGZ,2022-07-01
ACET,2022-07-01
XT,2022-07-01
RTLPP,2022-07-01
REVBU,2022-07-01
VVPR,2022-07-01
ATLO,2022-07-01
POSH,2022-07-01
ITRI,2022-07-01
ORCL,2022-07-01
CHIU,2022-07-01
EQBK,2022-07-01
ABC,2022-07-01
PLL,2022-07-01
PME,2022-07-01
DLCA,2022-07-01
BREZ,2022-07-01
SHACU,2022-07-01
CYRN,2022-07-01
APPS,2022-07-01
RCEL,2022-07-01
SGRP,2022-07-01
MOGO,2022-07-01
INBK,2022-07-01
RSSS,2022-07-01
ALB,2022-07-01
COMT,2022-07-01
ADXN,2022-07-01
ESGU,2022-07-01
CMTL,2022-07-01
CONXU,2022-07-01
PEAK,2022-07-01
AGYS,2022-07-01
PCYO,2022-07-01
ASMB,2022-07-01
FIZZ,2022-07-01
AIHS,2022-07-01
CMPR,2022-07-01
VSTM,2022-07-01
RXRAU,2022-07-01
CODA,2022-07-01
PAQCU,2022-07-01
RVMD,2022-07-01
BMEA,2022-07-01
GTYH,2022-07-01
ECOW,2022-07-01
NLSN,2022-07-01
SLAMU,2022-07-01
NSIT,2022-07-01
EVOJU,2022-07-01
SEER,2022-07-01
GYRO,2022-07-01
RNST,2022-07-01
ELDN,2022-07-01
CSB,2022-07-01
NRAC,2022-07-01
SWTX,2022-07-01
MTEM,2022-07-01
QH,2022-07-01
HALO,2022-07-01
CHRW,2022-07-01
MO,2022-07-01
PIII,2022-07-01
RETO,2022-07-01
BSCT,2022-07-01
OKTA,2022-07-01
PCOM,2022-07-01
VYGR,2022-07-01
MOS,2022-07-01
OTMO,2022-07-01
XRX,2022-07-01
HEAR,2022-07-01
CSGP,2022-07-01
FULTP,2022-07-01
PFSW,2022-07-01
ENPH,2022-07-01
EXPO,2022-07-01
AXTI,2022-07-01
OAS,2022-07-01
INDB,2022-07-01
HVBC,2022-07-01
VRPX,2022-07-01
REKR,2022-07-01
ALLK,2022-07-01
IIIIW,2022-07-01
SDACU,2022-07-01
TMPM,2022-07-01
WASH,2022-07-01
TEAM,2022-07-01
MAT,2022-07-01
GJO,2022-07-01
REE,2022-07-01
DSGN,2022-07-01
HLT,2022-07-01
XERS,2022-07-01
ZNTL,2022-07-01
CAH,2022-07-01
ERII,2022-07-01
MNTX,2022-07-01
EACPU,2022-07-01
CHCO,2022-07-01
CALT,2022-07-01
MCK,2022-07-01
MOMO,2022-07-01
WALDU,2022-07-01
BLCT,2022-07-01
LVRAU,2022-07-01
PAQC,2022-07-01
SY,2022-07-01
INSM,2022-07-01
EVFM,2022-07-01
HQY,2022-07-01
BOLT,2022-07-01
XXII,2022-07-01
AGFY,2022-07-01
WYNN,2022-07-01
MIST,2022-07-01
OCAXU,2022-07-01
PRDO,2022-07-01
SAMG,2022-07-01
PFC,2022-07-01
CRTD,2022-07-01
FVCB,2022-07-01
NKTR,2022-07-01
IDCC,2022-07-01
SMMF,2022-07-01
NMRK,2022-07-01
TLRY,2022-07-01
IGSB,2022-07-01
FEIM,2022-07-01
OCX,2022-07-01
ITRN,2022-07-01
GLBS,2022-07-01
BRKL,2022-07-01
UXIN,2022-07-01
BTWNW,2022-07-01
GURE,2022-07-01
INOD,2022-07-01
TBNK,2022-07-01
MRNA,2022-07-01
IMRN,2022-07-01
EVLV,2022-07-01
VTWG,2022-07-01
FORR,2022-07-01
BHFAP,2022-07-01
SWBI,2022-07-01
EVGO,2022-07-01
BRFH,2022-07-01
GAN,2022-07-01
CLEU,2022-07-01
CE,2022-07-01
RMBL,2022-07-01
FBRX,2022-07-01
CAN,2022-07-01
JG,2022-07-01
AVB,2022-07-01
AMEH,2022-07-01
ABCB,2022-07-01
GRCYU,2022-07-01
AGNCP,2022-07-01
IBRX,2022-07-01
VSAT,2022-07-01
JOUT,2022-07-01
GWW,2022-07-01
RYTM,2022-07-01
RF,2022-07-01
WSBCP,2022-07-01
AQST,2022-07-01
ALYA,2022-07-01
CB,2022-07-01
PAX,2022-07-01
SNAX,2022-07-01
RXDX,2022-07-01
ASTE,2022-07-01
ACB,2022-07-01
RILYL,2022-07-01
VTIQU,2022-07-01
WBND,2022-07-01
BIOL,2022-07-01
GGMCU,2022-07-01
IMCR,2022-07-01
FRONU,2022-07-01
SNSE,2022-07-01
WDAY,2022-07-01
NTCT,2022-07-01
LRFC,2022-07-01
GDEN,2022-07-01
CWST,2022-07-01
SUSL,2022-07-01
FAB,2022-07-01
HNRG,2022-07-01
AMNB,2022-07-01
AINV,2022-07-01
HROW,2022-07-01
BHF,2022-07-01
BCOR,2022-07-01
BOTJ,2022-07-01
RNDB,2022-07-01
FB,2022-07-01
LDHAU,2022-07-01
DEMZ,2022-07-01
RDBX,2022-07-01
KRNLU,2022-07-01
RRR,2022-07-01
BSCR,2022-07-01
CYRX,2022-07-01
LIDRW,2022-07-01
DENN,2022-07-01
RCHGU,2022-07-01
MC,2022-07-01
UDN,2022-07-01
HLAHU,2022-07-01
EEFT,2022-07-01
OZON,2022-07-01
GTEC,2022-07-01
INSE,2022-07-01
WW,2022-07-01
FEMS,2022-07-01
SILC,2022-07-01
LBTYA,2022-07-01
BLTS,2022-07-01
BPOP,2022-07-01
GALT,2022-07-01
BBQ,2022-07-01
LASR,2022-07-01
III,2022-07-01
CAMP,2022-07-01
CRCT,2022-07-01
TSRI,2022-07-01
FDBC,2022-07-01
RADI,2022-07-01
AQB,2022-07-01
SHCR,2022-07-01
GLBLU,2022-07-01
LBRDA,2022-07-01
CLAR,2022-07-01
SNES,2022-07-01
ITCI,2022-07-01
PULS,2022-07-01
BNR,2022-07-01
MTD,2022-07-01
LESL,2022-07-01
DISH,2022-07-01
KTRA,2022-07-01
XGN,2022-07-01
WIZ,2022-07-01
CIZ,2022-07-01
VXUS,2022-07-01
PLD,2022-07-01
IEF,2022-07-01
API,2022-07-01
XFOR,2022-07-01
UGRO,2022-07-01
ARTL,2022-07-01
TMPMU,2022-07-01
IVDA,2022-07-01
NXTP,2022-07-01
BSJM,2022-07-01
NTGR,2022-07-01
OVID,2022-07-01
ABCL,2022-07-01
PLCE,2022-07-01
ITQ,2022-07-01
LLY,2022-07-01
SWZ,2022-07-01
TFFP,2022-07-01
SBT,2022-07-01
ATEX,2022-07-01
IOSP,2022-07-01
SMAR,2022-07-01
KZR,2022-07-01
COLB,2022-07-01
INNV,2022-07-01
SPGI,2022-07-01
MERC,2022-07-01
GLW,2022-07-01
STRR,2022-07-01
IBDQ,2022-07-01
AEHL,2022-07-01
EVRG,2022-07-01
YLDE,2022-07-01
GNAC,2022-07-01
KNTK,2022-07-01
ATRA,2022-07-01
HLMN,2022-07-01
GENY,2022-07-01
NEXI,2022-07-01
PULM,2022-07-01
RTLR,2022-07-01
GBS,2022-07-01
CELH,2022-07-01
IBTD,2022-07-01
GENC,2022-07-01
TIG,2022-07-01
AGZD,2022-07-01
IHRT,2022-07-01
NDACU,2022-07-01
PUCK,2022-07-01
C,2022-07-01
ITHXU,2022-07-01
BCDA,2022-07-01
GBRG,2022-07-01
HAACU,2022-07-01
MET,2022-07-01
CRWD,2022-07-01
PPIH,2022-07-01
IIVI,2022-07-01
SOHOB,2022-07-01
CDL,2022-07-01
FLACW,2022-07-01
FIS,2022-07-01
IGN,2022-07-01
HRTX,2022-07-01
MSGM,2022-07-01
FBIOP,2022-07-01
HAL,2022-07-01
PSTI,2022-07-01
ETON,2022-07-01
UDR,2022-07-01
GEG,2022-07-01
CRON,2022-07-01
GOGO,2022-07-01
DYN,2022-07-01
OLB,2022-07-01
ESCA,2022-07-01
INVO,2022-07-01
WISH,2022-07-01
MDRX,2022-07-01
SNGX,2022-07-01
SCWO,2022-07-01
CNC,2022-07-01
ALNA,2022-07-01
ICAD,2022-07-01
IDN,2022-07-01
IMVT,2022-07-01
WAFU,2022-07-01
NAVI,2022-07-01
PSC,2022-07-01
EGLX,2022-07-01
EAD,2022-07-01
GIIXU,2022-07-01
LCTX,2022-07-01
OPEN,2022-07-01
SJ,2022-07-01
VGSH,2022-07-01
IPHA,2022-07-01
ZTEK,2022-07-01
VIRC,2022-07-01
APOG,2022-07-01
OLMA,2022-07-01
NODK,2022-07-01
ONVO,2022-07-01
AKYA,2022-07-01
AAL,2022-07-01
AEYE,2022-07-01
BOKF,2022-07-01
ITOS,2022-07-01
LVTX,2022-07-01
WIRE,2022-07-01
PACXU,2022-07-01
XOMAO,2022-07-01
COOL,2022-07-01
SONN,2022-07-01
TCON,2022-07-01
FTAG,2022-07-01
HOOK,2022-07-01
NVOS,2022-07-01
DOX,2022-07-01
GILD,2022-07-01
MTTR,2022-07-01
OCG,2022-07-01
KLXE,2022-07-01
MPB,2022-07-01
APTX,2022-07-01
UNH,2022-07-01
AVID,2022-07-01
ME,2022-07-01
DUOT,2022-07-01
BCRX,2022-07-01
FRG,2022-07-01
EQOS,2022-07-01
CYAD,2022-07-01
CLMT,2022-07-01
GMGI,2022-07-01
PGRWU,2022-07-01
URI,2022-07-01
PGC,2022-07-01
CDK,2022-07-01
FOXA,2022-07-01
SPRO,2022-07-01
VISL,2022-07-01
RMBI,2022-07-01
OXLCM,2022-07-01
GDRX,2022-07-01
CHK,2022-07-01
BRPM,2022-07-01
MEOH,2022-07-01
LPSN,2022-07-01
NARI,2022-07-01
WINA,2022-07-01
LGND,2022-07-01
FYX,2022-07-01
RUSHA,2022-07-01
CLSD,2022-07-01
XOS,2022-07-01
CMRA,2022-07-01
BIB,2022-07-01
ITIC,2022-07-01
DYAI,2022-07-01
JFIN,2022-07-01
PSMT,2022-07-01
FUNC,2022-07-01
KALA,2022-07-01
KIIIU,2022-07-01
EVER,2022-07-01
TCX,2022-07-01
DAIO,2022-07-01
TOI,2022-07-01
SOHU,2022-07-01
LHDX,2022-07-01
QYLD,2022-07-01
DMF,2022-07-01
HLG,2022-07-01
OPHC,2022-07-01
FJAN,2022-07-01
AMZN,2022-07-01
KPRX,2022-07-01
ZBH,2022-07-01
DOCU,2022-07-01
ADAP,2022-07-01
ANPC,2022-07-01
PBTS,2022-07-01
KRBP,2022-07-01
ATXI,2022-07-01
AAPL,2022-07-01
CLVS,2022-07-01
MRKR,2022-07-01
CYTH,2022-07-01
EGLE,2022-07-01
DMXF,2022-07-01
OTIS,2022-07-01
HAPP,2022-07-01
UPS,2022-07-01
ABUS,2022-07-01
NVEI,2022-07-01
GENE,2022-07-01
IZEA,2022-07-01
PFF,2022-07-01
GLPG,2022-07-01
MBCN,2022-07-01
NUO,2022-07-01
OFLX,2022-07-01
YTEN,2022-07-01
NWS,2022-07-01
NICK,2022-07-01
MUDSU,2022-07-01
RCII,2022-07-01
DGNU,2022-07-01
FGF,2022-07-01
AEE,2022-07-01
AGNCO,2022-07-01
DVLU,2022-07-01
CAG,2022-07-01
PLUG,2022-07-01
DCT,2022-07-01
DXPE,2022-07-01
BXRX,2022-07-01
DKNG,2022-07-01
RILYK,2022-07-01
KRNY,2022-07-01
DOOO,2022-07-01
ITHX,2022-07-01
CRDF,2022-07-01
UONEK,2022-07-01
KURA,2022-07-01
HUIZ,2022-07-01
SCKT,2022-07-01
MARK,2022-07-01
ASND,2022-07-01
ALK,2022-07-01
OXLCL,2022-07-01
NECB,2022-07-01
BSCP,2022-07-01
APD,2022-07-01
QABA,2022-07-01
AGRX,2022-07-01
IMV,2022-07-01
PVI,2022-07-01
GRNQ,2022-07-01
LKQ,2022-07-01
SNCY,2022-07-01
AOS,2022-07-01
TBLT,2022-07-01
EOG,2022-07-01
SECO,2022-07-01
CBAY,2022-07-01
VIIAU,2022-07-01
CHSCN,2022-07-01
UCL,2022-07-01
CCOI,2022-07-01
AEACU,2022-07-01
LHCG,2022-07-01
RGLD,2022-07-01
GNPX,2022-07-01
LOV,2022-07-01
LSXMB,2022-07-01
BWFG,2022-07-01
APVO,2022-07-01
RIGL,2022-07-01
MSVB,2022-07-01
RCRT,2022-07-01
RFEM,2022-07-01
ATO,2022-07-01
MRO,2022-07-01
MRVL,2022-06-23
FNLC,2022-06-23
HQI,2022-06-23
BUSE,2022-06-23
APH,2022-06-23
BCLI,2022-06-23
HPQ,2022-06-23
BSJN,2022-06-23
JJSF,2022-06-23
IGAC,2022-06-23
SANW,2022-06-23
CSPI,2022-06-23
MNSBP,2022-06-23
KBWP,2022-06-23
CFIVU,2022-06-23
SYK,2022-06-23
RIOT,2022-06-23
PI,2022-06-23
PROV,2022-06-23
AXSM,2022-06-23
AEPPZ,2022-06-23
ARTW,2022-06-23
BLIN,2022-06-23
OLED,2022-06-23
FTRP,2022-06-23
ADUS,2022-06-23
AMD,2022-06-23
DMRC,2022-06-23
MGNX,2022-06-23
CMCO,2022-06-23
LAZR,2022-06-23
RVSB,2022-06-23
IDXX,2022-06-23
SGH,2022-06-23
SESN,2022-06-23
SLMBP,2022-06-23
OCUP,2022-06-23
ESPR,2022-06-23
MNTS,2022-06-23
ASPS,2022-06-23
WPRT,2022-06-23
QK,2022-06-23
GGB,2022-06-29
KOSS,2022-06-23
QRTEP,2022-06-23
PTEN,2022-06-23
AUGX,2022-06-23
HITI,2022-06-23
FEM,2022-06-23
EXC,2022-06-23
DAKT,2022-06-23
BL,2022-06-23
VERY,2022-06-23
IMOS,2022-06-23
EYPT,2022-06-23
NDAQ,2022-06-23
WING,2022-06-23
TEKKU,2022-06-23
AGEN,2022-06-23
PWOD,2022-06-23
SCVL,2022-06-23
OPRX,2022-06-23
OBNK,2022-06-23
TBPH,2022-06-23
EM,2022-06-23
FWONK,2022-06-23
FCX,2022-06-23
COCP,2022-06-23
OSUR,2022-06-23
TCPC,2022-06-23
CVCO,2022-06-23
KSICU,2022-06-23
PHCF,2022-06-23
ONBPO,2022-06-23
STSA,2022-06-23
SRNE,2022-06-23
LOB,2022-06-23
YUM,2022-06-23
PNBK,2022-06-23
TREE,2022-06-23
FSLR,2022-06-23
JYNT,2022-06-23
ALXO,2022-06-23
DSGR,2022-06-23
UONE,2022-06-23
HPKEW,2022-06-23
ISHP,2022-06-23
CF,2022-06-23
ALGN,2022-06-23
GPAC,2022-06-23
ICLN,2022-06-23
DOMO,2022-06-23
FLT,2022-06-23
FVAM,2022-06-23
EVGBC,2022-06-23
RDFN,2022-06-23
IROQ,2022-06-23
WRAP,2022-06-23
VZ,2022-06-23
PCH,2022-06-23
HSIC,2022-06-23
DALI,2022-06-23
QQD,2022-06-23
FDUS,2022-06-23
NVEC,2022-06-23
AMP,2022-06-23
AMCR,2022-06-23
SANM,2022-06-23
CEMB,2022-06-29
GROM,2022-06-23
OCFCP,2022-06-23
SWETU,2022-06-23
BCOW,2022-06-23
APPF,2022-06-23
SLRC,2022-06-23
ZUMZ,2022-06-23
LNC,2022-06-23
RCLFU,2022-06-23
GO,2022-06-23
OBLG,2022-06-23
GHACU,2022-06-23
PHIC,2022-06-23
SCZ,2022-06-23
WELL,2022-06-23
DLCAU,2022-06-23
RTLPO,2022-06-23
VRNA,2022-06-23
JD,2022-06-23
NHTC,2022-06-23
MGNI,2022-06-23
CVCY,2022-06-23
PRSO,2022-06-23
PIXY,2022-06-23
KLAC,2022-06-23
AAN,2022-06-29
NEWTZ,2022-06-23
METX,2022-06-23
HFBL,2022-06-23
A,2022-06-23
EDRY,2022-06-23
BMRN,2022-06-23
GRTX,2022-06-23
COVA,2022-06-23
IMMR,2022-06-23
CCMP,2022-06-23
IAC,2022-06-23
DCTH,2022-06-23
BOSC,2022-06-23
KBWD,2022-06-23
IGIB,2022-06-23
ADV,2022-06-23
TAST,2022-06-23
FID,2022-06-23
BGRY,2022-06-23
IMUX,2022-06-23
JOFF,2022-06-23
FTXR,2022-06-23
VCEL,2022-06-23
PCAR,2022-06-23
PVH,2022-06-23
BITF,2022-06-23
PTNR,2022-06-23
LIND,2022-06-23
NEE,2022-06-23
GM,2022-06-23
WHLRP,2022-06-23
WAFDP,2022-06-23
CSGS,2022-06-23
FUTY,2022-06-29
ISTR,2022-06-23
LLL,2022-06-23
CGEM,2022-06-23
FBIZ,2022-06-23
TARA,2022-06-23
EFOI,2022-06-23
CSA,2022-06-23
SKYW,2022-06-23
PGRW,2022-06-23
PEBO,2022-06-23
ECOR,2022-06-23
GLTO,2022-06-23
ABIO,2022-06-23
IFF,2022-06-23
HOVNP,2022-06-23
MDRR,2022-06-23
BYND,2022-06-23
SSB,2022-06-23
MLTX,2022-06-23
SATS,2022-06-23
FANH,2022-06-23
SGA,2022-06-23
SCPH,2022-06-23
CAAP,2022-06-29
JBHT,2022-06-23
CENN,2022-06-23
JPM,2022-06-23
SPG,2022-06-23
WTW,2022-06-23
TCBK,2022-06-23
NVMI,2022-06-23
AUPH,2022-06-23
LUNA,2022-06-23
ROK,2022-06-23
AES,2022-06-23
UCBI,2022-06-23
SIMO,2022-06-23
CRUS,2022-06-23
BA,2022-06-23
MKC,2022-06-23
VEV,2022-06-23
CSF,2022-06-23
CHSCM,2022-06-23
TCBI,2022-06-23
MRK,2022-06-23
ALRN,2022-06-23
NH,2022-06-23
INSG,2022-06-23
NKE,2022-06-23
JCI,2022-06-23
RPHM,2022-06-23
FRSX,2022-06-23
PPTA,2022-06-23
CLNE,2022-06-23
HFWA,2022-06-23
MDRRP,2022-06-23
AATC,2022-06-23
OBCI,2022-06-23
URGN,2022-06-23
PRAX,2022-06-23
IVOL,2022-06-29
SIVB,2022-06-23
VSSYW,2022-06-23
ATOM,2022-06-23
AEHR,2022-06-23
MANT,2022-06-23
ATNX,2022-06-23
UPWK,2022-06-23
CLVR,2022-06-23
TRVN,2022-06-23
SSBI,2022-06-23
MA,2022-06-23
AIMC,2022-06-23
LOGC,2022-06-23
HIFS,2022-06-23
LARK,2022-06-23
FOLD,2022-06-23
FPAY,2022-06-23
INO,2022-06-23
RRBI,2022-06-23
HUGE,2022-06-23
SKYY,2022-06-23
LBPH,2022-06-23
CRVL,2022-06-23
TQQQ,2022-06-23
IMMP,2022-06-23
JSM,2022-06-23
AAME,2022-06-23
BLPH,2022-06-23
PRU,2022-06-23
VLDRW,2022-06-23
DWSN,2022-06-23
EMKR,2022-06-23
PKBK,2022-06-23
PSCH,2022-06-23
PFE,2022-06-23
VCSH,2022-06-23
TTMI,2022-06-23
MEIP,2022-06-23
CMS,2022-06-23
CUEN,2022-06-23
AUB,2022-06-23
KRT,2022-06-23
PNR,2022-06-23
RMBS,2022-06-23
CASH,2022-06-23
BTRS,2022-06-23
BJRI,2022-06-23
KMPH,2022-06-23
SYBT,2022-06-23
MTEX,2022-06-23
IRWD,2022-06-23
AAP,2022-06-23
MKSI,2022-06-23
NEOG,2022-06-23
HTIA,2022-06-23
ONCY,2022-06-23
BCOV,2022-06-23
MLCO,2022-06-23
DWAT,2022-06-23
XCUR,2022-06-23
DVAX,2022-06-23
BNSO,2022-06-23
ARBGU,2022-06-23
NBRV,2022-06-23
BSMT,2022-06-23
SRDX,2022-06-23
TSIBU,2022-06-23
PDP,2022-06-23
NSSC,2022-06-23
DCOMP,2022-06-23
LCID,2022-06-23
CSSEP,2022-06-23
MTRX,2022-06-23
AFCG,2022-06-23
EVOJ,2022-06-23
NMTR,2022-06-23
SQFT,2022-06-23
CHB,2022-06-23
WMG,2022-06-23
RILYM,2022-06-23
TPTX,2022-06-23
SHIP,2022-06-23
SUMO,2022-06-23
UHAL,2022-06-23
KIII,2022-06-23
CGO,2022-06-23
MGRC,2022-06-23
ULBI,2022-06-23
ROIC,2022-06-23
ERIC,2022-06-23
CEFA,2022-06-23
PLTK,2022-06-23
PDSB,2022-06-23
IBHC,2022-06-29
ZIM,2022-06-29
BIMI,2022-06-23
WHD,2022-06-29
MEDS,2022-06-23
BSJO,2022-06-23
ARLP,2022-06-23
CMBM,2022-06-23
SLAB,2022-06-23
MTACU,2022-06-23
LI,2022-06-23
FFIN,2022-06-23
ANGO,2022-06-23
OXSQZ,2022-06-23
OVBC,2022-06-23
PASG,2022-06-23
ONBPP,2022-06-23
CTVA,2022-06-23
GOODN,2022-06-23
KVSC,2022-06-23
PCTY,2022-06-23
MASS,2022-06-23
BHSEU,2022-06-23
LVOX,2022-06-23
DDIV,2022-06-23
KBWY,2022-06-23
WDC,2022-06-23
GRMN,2022-06-23
AAOI,2022-06-23
STKS,2022-06-23
BAC,2022-06-23
QULL,2022-06-29
OTRKP,2022-06-23
EVO,2022-06-23
LMST,2022-06-23
VIR,2022-06-23
CABA,2022-06-23
SPT,2022-06-23
PAGP,2022-06-23
CRGE,2022-06-23
ALDX,2022-06-23
HCARU,2022-06-23
MAA,2022-06-23
CLFD,2022-06-23
DOYU,2022-06-23
CCEP,2022-06-23
TVTY,2022-06-23
AEY,2022-06-23
UAL,2022-06-23
XBIT,2022-06-23
CKPT,2022-06-23
NLSPW,2022-06-23
IDEX,2022-06-23
COKE,2022-06-23
NWBI,2022-06-23
MFH,2022-06-23
DMTK,2022-06-23
OMQS,2022-06-23
CFVI,2022-06-23
BCML,2022-06-23
AXP,2022-06-23
GNFT,2022-06-23
LOOP,2022-06-23
CPLP,2022-06-23
HIHO,2022-06-23
ONDS,2022-06-23
OEG,2022-06-23
CFMS,2022-06-23
SVVC,2022-06-23
SNA,2022-06-23
VIOT,2022-06-23
ABEO,2022-06-23
CREG,2022-06-23
BAOS,2022-06-23
ATNI,2022-06-23
REYN,2022-06-23
PM,2022-06-23
PFI,2022-06-23
CAAS,2022-06-23
PSCX,2022-06-29
MDVL,2022-06-23
SEAC,2022-06-23
DWAS,2022-06-23
PLUS,2022-06-23
CTEK,2022-06-29
ZG,2022-06-23
INTC,2022-06-23
FEP,2022-06-23
ABBV,2022-06-23
MACAU,2022-06-23
PSX,2022-06-23
LDSF,2022-06-23
HZNP,2022-06-23
THTX,2022-06-23
XOMA,2022-06-23
ALIM,2022-06-23
FSZ,2022-06-23
MNSB,2022-06-23
CHSCL,2022-06-23
FISI,2022-06-23
SRSA,2022-06-23
DCGOW,2022-06-23
LUMO,2022-06-23
CBOE,2022-06-23
SLNG,2022-06-23
NCNO,2022-06-23
JWEL,2022-06-23
CAKE,2022-06-23
PT,2022-06-23
CRVS,2022-06-23
GBNY,2022-06-23
PCB,2022-06-23
ZS,2022-06-23
BMRA,2022-06-23
IBTE,2022-06-23
PEGY,2022-06-23
KROS,2022-06-23
DIOD,2022-06-23
FINMU,2022-06-23
SCLE,2022-06-23
CCK,2022-06-29
AOUT,2022-06-23
SILK,2022-06-23
CYBR,2022-06-23
AVY,2022-06-23
CFIV,2022-06-23
KRTX,2022-06-23
GAIN,2022-06-23
AACG,2022-06-23
NVDA,2022-06-23
FKWL,2022-06-23
BENER,2022-06-23
NOW,2022-06-23
ATHX,2022-06-23
DNLI,2022-06-23
BUZZ,2022-06-29
ADOC,2022-06-23
CTXS,2022-06-23
DWCR,2022-06-23
USAP,2022-06-23
ACHC,2022-06-23
CCD,2022-06-23
TACT,2022-06-23
CLX,2022-06-23
SEATW,2022-06-23
GAME,2022-06-23
MLM,2022-06-23
YNDX,2022-06-23
CLRO,2022-06-23
TEKK,2022-06-23
SIOX,2022-06-23
MGM,2022-06-23
COFS,2022-06-23
GNTY,2022-06-23
TNXP,2022-06-23
INTU,2022-06-23
NMIH,2022-06-23
PRDS,2022-06-23
CMCSA,2022-06-23
WOOD,2022-06-23
LWAY,2022-06-23
LYTS,2022-06-23
CGNT,2022-06-23
PDD,2022-06-23
CDAK,2022-06-23
COWNL,2022-06-23
BWACU,2022-06-23
VVR,2022-06-29
BLKB,2022-06-23
ITB,2022-06-29
ARE,2022-06-23
ANGN,2022-06-23
MCHX,2022-06-23
RADA,2022-06-23
FSRXU,2022-06-23
IDLB,2022-06-23
ROOT,2022-06-23
AERI,2022-06-23
CHNG,2022-06-23
FRPT,2022-06-23
HCSG,2022-06-23
MILE,2022-06-23
MNDO,2022-06-23
CDNA,2022-06-23
ISDX,2022-06-23
CVS,2022-06-23
SREV,2022-06-23
DGX,2022-06-23
BKNG,2022-06-23
WKSP,2022-06-23
TCBIO,2022-06-23
NEWT,2022-06-23
BNTC,2022-06-23
SWK,2022-06-23
FWP,2022-06-23
RPD,2022-06-23
NVNOW,2022-06-23
QRVO,2022-06-23
SCYX,2022-06-23
JAMF,2022-06-23
ACBAU,2022-06-23
MRCY,2022-06-23
FFIV,2022-06-23
OCC,2022-06-23
FSTX,2022-06-23
ACKIU,2022-06-23
HEWG,2022-06-23
YMTX,2022-06-23
USNA,2022-06-29
CME,2022-06-23
NMTC,2022-06-23
SUNW,2022-06-23
QNRX,2022-06-23
ASPCU,2022-06-23
TRIB,2022-06-23
PCSA,2022-06-23
TTEC,2022-06-23
RMD,2022-06-23
IKNA,2022-06-23
OFIX,2022-06-23
RICK,2022-06-23
RIDE,2022-06-23
ABT,2022-06-23
MDGL,2022-06-23
BSMM,2022-06-23
INFI,2022-06-23
CIBR,2022-06-23
WTFCP,2022-06-23
TECTP,2022-06-23
GTH,2022-06-23
NCNA,2022-06-23
FRBA,2022-06-23
RDVY,2022-06-23
ONCS,2022-06-23
PLYA,2022-06-23
FNWB,2022-06-23
NVIV,2022-06-23
DGRS,2022-06-23
XPEL,2022-06-23
KOLD,2022-06-29
TWOU,2022-06-23
IMKTA,2022-06-23
WISA,2022-06-23
PSTV,2022-06-23
PSEC,2022-06-23
AEIS,2022-06-23
EWEB,2022-06-23
CFG,2022-06-23
PUBM,2022-06-23
OTEX,2022-06-23
FYC,2022-06-23
BSJS,2022-06-23
MBINN,2022-06-23
MOXC,2022-06-23
MICT,2022-06-23
AGIL,2022-06-23
KINZ,2022-06-23
DVY,2022-06-23
LYL,2022-06-23
SANA,2022-06-23
TILT,2022-06-29
CTXR,2022-06-23
WST,2022-06-23
OSTRW,2022-06-23
ESPO,2022-06-23
CAC,2022-06-23
EC,2022-06-29
T,2022-06-23
NUWE,2022-06-23
IBTX,2022-06-23
REED,2022-06-23
VECT,2022-06-23
BTOG,2022-06-23
DCFC,2022-06-23
CDZI,2022-06-23
NTAP,2022-06-23
OZK,2022-06-23
THO,2022-06-29
RTX,2022-06-23
ESLT,2022-06-23
AXDX,2022-06-23
ORMP,2022-06-23
DTST,2022-06-23
DAX,2022-06-23
PLRX,2022-06-23
DFS,2022-06-23
MT,2022-06-29
PHO,2022-06-23
COO,2022-06-23
UFO,2022-06-23
FSFG,2022-06-23
SSRM,2022-06-23
GIGE,2022-06-23
SNLN,2022-06-23
TUSK,2022-06-23
SI,2022-06-29
RUSHB,2022-06-23
BLK,2022-06-23
PROC,2022-06-23
RELI,2022-06-23
CFB,2022-06-23
SABR,2022-06-23
NOC,2022-06-23
DBX,2022-06-23
VMC,2022-06-23
PUYI,2022-06-23
ZIONO,2022-06-23
GE,2022-06-23
ARDX,2022-06-23
PSHG,2022-06-23
AYLA,2022-06-23
WLDN,2022-06-23
BYSI,2022-06-23
RMGCU,2022-06-23
KIDS,2022-06-23
RSVR,2022-06-23
WRK,2022-06-23
IMNM,2022-06-23
TT,2022-06-23
SOXX,2022-06-23
QURE,2022-06-23
CDRO,2022-06-23
XTLB,2022-06-23
SSSS,2022-06-23
MKTW,2022-06-23
TZPS,2022-06-23
CLXT,2022-06-23
FTGC,2022-06-23
MODV,2022-06-23
BRAG,2022-06-23
OGI,2022-06-23
UIHC,2022-06-23
MNKD,2022-06-23
ESTA,2022-06-23
CBIO,2022-06-23
CARE,2022-06-23
TUEM,2022-06-23
KPTI,2022-06-23
WRB,2022-06-23
FOCS,2022-06-23
TMDI,2022-06-23
FKU,2022-06-23
DG,2022-06-23
VERU,2022-06-23
INVZ,2022-06-23
CALA,2022-06-23
SEEL,2022-06-23
AZYO,2022-06-23
DUK,2022-06-23
SNCR,2022-06-23
CERN,2022-06-07
FMNB,2022-06-23
INBKZ,2022-06-23
FUSN,2022-06-23
FEX,2022-06-23
CBAN,2022-06-23
HCKT,2022-06-23
FORM,2022-06-23
CAPR,2022-06-23
CASA,2022-06-23
FSSIU,2022-06-23
POW,2022-06-23
VLGEA,2022-06-23
SKIN,2022-06-23
KOF,2022-06-29
TPIC,2022-06-23
BCYC,2022-06-23
FLUX,2022-06-23
ALKS,2022-06-23
VWE,2022-06-23
OXLC,2022-06-23
SGRY,2022-06-23
BHFAL,2022-06-23
BSMP,2022-06-23
CASY,2022-06-23
PUI,2022-06-23
CSSEN,2022-06-23
ETNB,2022-06-23
BHP,2022-06-29
CLOV,2022-06-23
LCUT,2022-06-23
CARA,2022-06-23
BBH,2022-06-23
GD,2022-06-23
ROBT,2022-06-23
CROX,2022-06-23
CNDT,2022-06-23
LINC,2022-06-23
TPSC,2022-06-29
PID,2022-06-23
FSSI,2022-06-23
ZCMD,2022-06-23
FULC,2022-06-23
CVBF,2022-06-23
VTRU,2022-06-23
PCVX,2022-06-23
CELZ,2022-06-23
QNST,2022-06-23
RVPH,2022-06-23
TTWO,2022-06-23
ESGRP,2022-06-23
COLIU,2022-06-23
WSO,2022-06-29
CHKEW,2022-06-23
FTA,2022-06-23
HAFC,2022-06-23
PESI,2022-06-23
CONX,2022-06-23
BIOTU,2022-06-23
LXEH,2022-06-23
UTHR,2022-06-23
TSEM,2022-06-23
CENTA,2022-06-23
IGNY,2022-06-23
RLAY,2022-06-23
FEUZ,2022-06-23
GILT,2022-06-23
LMBS,2022-06-23
BLBD,2022-06-23
PTOCU,2022-06-23
ERES,2022-06-23
NRXP,2022-06-23
DAL,2022-06-23
BFIT,2022-06-23
INTZ,2022-06-23
VIVO,2022-06-23
LHAA,2022-06-23
KFRC,2022-06-23
XPER,2022-06-23
FTV,2022-06-23
HYPR,2022-06-23
HWM,2022-06-23
DHCNI,2022-06-23
FBZ,2022-06-23
AMPH,2022-06-23
COWN,2022-06-23
ROCK,2022-06-23
REVB,2022-06-23
MDJH,2022-06-23
NEWTL,2022-06-23
MAXN,2022-06-23
BKYI,2022-06-23
FCRD,2022-06-23
AGFS,2022-06-23
QQQM,2022-06-23
LANDM,2022-06-23
VBLT,2022-06-23
VCYT,2022-06-23
EXLS,2022-06-23
GTPBU,2022-06-23
HMCOW,2022-06-23
TRMK,2022-06-23
NYMTN,2022-06-23
ENJY,2022-06-23
PAA,2022-06-23
BRY,2022-06-23
LTCHW,2022-06-23
ISPO,2022-06-23
TIGR,2022-06-23
AKTX,2022-06-23
BBSI,2022-06-23
BTWN,2022-06-23
VTR,2022-06-23
ALVR,2022-06-23
STEP,2022-06-23
EDUC,2022-06-23
CCNE,2022-06-23
INPX,2022-06-23
GECCN,2022-06-23
XBIOW,2022-06-23
VTNR,2022-06-23
CMCTP,2022-06-23
SVFB,2022-06-23
OXBR,2022-06-23
PYPL,2022-06-23
OPI,2022-06-23
SRZN,2022-06-23
CRZNU,2022-06-23
SBCF,2022-06-23
CPSS,2022-06-23
GRAY,2022-06-23
ICCC,2022-06-23
AMRN,2022-06-23
CLLS,2022-06-23
PLBC,2022-06-23
UBOH,2022-06-23
MVST,2022-06-23
FTCV,2022-06-23
ORTX,2022-06-23
TRMB,2022-06-23
AKIC,2022-06-23
UBCP,2022-06-23
PLAB,2022-06-23
JBSS,2022-06-23
ACNB,2022-06-23
APEI,2022-06-23
BRID,2022-06-23
NAII,2022-06-23
CHTR,2022-06-23
EEIQ,2022-06-23
SAIA,2022-06-23
ALTY,2022-06-23
NERV,2022-06-23
CRKN,2022-06-23
AVGR,2022-06-23
SLNH,2022-06-23
SRAX,2022-06-23
EXPD,2022-06-23
CTRM,2022-06-23
SMBC,2022-06-23
PNT,2022-06-23
FWRD,2022-06-23
QTRX,2022-06-23
CIFR,2022-06-23
NOAC,2022-06-23
CXDO,2022-06-23
TBCP,2022-06-23
ACMR,2022-06-23
SVFD,2022-06-23
DVA,2022-06-23
KRUS,2022-06-23
HES,2022-06-23
HD,2022-06-23
VIVE,2022-06-23
CLBS,2022-06-23
MSAC,2022-06-23
MBB,2022-06-23
CPRX,2022-06-23
DBTX,2022-06-23
RENO,2022-06-23
MTLS,2022-06-23
KOKU,2022-06-29
EMXC,2022-06-23
RDVT,2022-06-23
MPAA,2022-06-23
BSRR,2022-06-23
MRVI,2022-06-23
SELB,2022-06-23
FLR,2022-06-29
NVSAU,2022-06-23
CWEB,2022-06-29
YDEC,2022-06-29
CD,2022-06-23
FONR,2022-06-23
FPXI,2022-06-23
PBFS,2022-06-23
ALRS,2022-06-23
UAA,2022-06-23
SNRH,2022-06-23
TLYS,2022-06-29
MMAT,2022-06-23
NBEV,2022-06-23
GECC,2022-06-23
PMVP,2022-06-23
HTHT,2022-06-23
CDMO,2022-06-23
PSAG,2022-06-23
TCOM,2022-06-23
VIRX,2022-06-23
FLGT,2022-06-23
NSPR,2022-06-23
CHEF,2022-06-23
WEYS,2022-06-23
ATY,2022-06-23
NXTC,2022-06-23
CLSK,2022-06-23
GMDA,2022-06-23
EBMT,2022-06-23
GHM,2022-06-29
ETAC,2022-06-23
EPAM,2022-06-23
RFCI,2022-06-29
NLOK,2022-06-23
OTLK,2022-06-23
NWE,2022-06-23
SYF,2022-06-23
GNTX,2022-06-23
GRF,2022-06-29
GRFS,2022-06-23
WMB,2022-06-23
BYFC,2022-06-23
ENTG,2022-06-23
CSTR,2022-06-23
PPG,2022-06-23
IDRA,2022-06-23
SFET,2022-06-23
PUTW,2022-06-29
SELF,2022-06-23
ARAY,2022-06-23
BSBE,2022-06-23
PLW,2022-06-23
BGRN,2022-06-23
SCOA,2022-06-23
TSP,2022-06-23
WBA,2022-06-23
IEA,2022-06-23
MDIV,2022-06-23
DGRW,2022-06-23
BIDU,2022-06-23
CHNA,2022-06-23
WAVD,2022-06-23
CLOU,2022-06-23
FUSB,2022-06-23
VYNT,2022-06-23
ACIW,2022-06-23
FAT,2022-06-23
MHK,2022-06-23
SQQQ,2022-06-23
CNXA,2022-06-23
DHHCU,2022-06-23
ENTX,2022-06-23
NCTY,2022-06-23
PTMN,2022-06-23
XELA,2022-06-23
UAE,2022-06-23
GOOD,2022-06-23
EVK,2022-06-23
VRSK,2022-06-23
GBOX,2022-06-23
CATY,2022-06-23
CCNC,2022-06-23
EOLS,2022-06-23
HOFV,2022-06-23
REPL,2022-06-23
GAINN,2022-06-23
CTBI,2022-06-23
TRVG,2022-06-23
FTHM,2022-06-23
TRV,2022-06-23
SGBX,2022-06-23
HYXF,2022-06-23
MTCR,2022-06-23
GWX,2022-06-29
ACRS,2022-06-23
POTX,2022-06-23
DXYN,2022-06-23
QDEL,2022-06-23
BLI,2022-06-23
FINX,2022-06-23
ROCC,2022-06-23
QIPT,2022-06-23
HTGM,2022-06-23
LBAI,2022-06-23
HLAH,2022-06-23
CCBG,2022-06-23
COST,2022-06-23
LFLY,2022-06-23
AMCX,2022-06-23
MDWT,2022-06-23
SNT,2022-06-23
EXPI,2022-06-23
MITC,2022-06-23
ALKT,2022-06-23
CSSE,2022-06-23
ATVI,2022-06-23
EML,2022-06-23
HOFT,2022-06-23
COOP,2022-06-23
VIGI,2022-06-23
CSIQ,2022-06-23
PSL,2022-06-23
VSTA,2022-06-23
SCWX,2022-06-23
KRNL,2022-06-23
EUCR,2022-06-23
FVC,2022-06-23
APLS,2022-06-23
IRBT,2022-06-23
IBDP,2022-06-29
NOACW,2022-06-23
MPACU,2022-06-23
MSTR,2022-06-23
CNTY,2022-06-23
KE,2022-06-23
OPGN,2022-06-23
UEIC,2022-06-23
ANTM,2022-06-23
CBAT,2022-06-23
CTRA,2022-06-23
AQMS,2022-06-23
OPK,2022-06-23
SPI,2022-06-23
AMRS,2022-06-23
PHVS,2022-06-23
PANW,2022-06-23
CYH,2022-06-29
ITW,2022-06-23
SHBI,2022-06-23
TEL,2022-06-23
RARE,2022-06-23
USOI,2022-06-23
LEGH,2022-06-23
CRDL,2022-06-23
ISHG,2022-06-23
SYPR,2022-06-23
BWA,2022-06-23
WBD,2022-06-23
ESGR,2022-06-23
ESEA,2022-06-23
IOVA,2022-06-23
LCNB,2022-06-23
ESS,2022-06-23
LEN,2022-06-23
RILYP,2022-06-23
WOOF,2022-06-23
ICLK,2022-06-23
FTCS,2022-06-23
SOFI,2022-06-23
PTCT,2022-06-23
LIXT,2022-06-23
MSDAU,2022-06-23
PRFZ,2022-06-23
ASLN,2022-06-23
QUMU,2022-06-23
RSX,2022-06-29
DXF,2022-06-29
BCEL,2022-06-23
BLBX,2022-06-23
ANNX,2022-06-23
ZWRK,2022-06-23
FRST,2022-06-23
YVR,2022-06-23
ITRG,2022-06-29
QQQJ,2022-06-23
FRME,2022-06-23
BATRA,2022-06-23
SIEN,2022-06-23
BTB,2022-06-23
PYZ,2022-06-23
TCDA,2022-06-23
LRGE,2022-06-23
IUSG,2022-06-23
CNXC,2022-06-23
AMWD,2022-06-23
UGE,2022-06-29
ANEW,2022-06-29
RNA,2022-06-23
TANNI,2022-06-23
CARG,2022-06-23
BSVN,2022-06-23
PFDR,2022-06-23
LWLG,2022-06-23
PLSE,2022-06-23
BAFN,2022-06-23
HYFM,2022-06-23
GT,2022-06-23
STRRP,2022-06-23
QRTEB,2022-06-23
DLPN,2022-06-23
LBC,2022-06-23
BB,2022-06-29
LOW,2022-06-23
BKSC,2022-06-23
MNST,2022-06-23
FTNT,2022-06-23
AUVI,2022-06-23
KBNT,2022-06-23
NXPI,2022-06-23
LRMR,2022-06-23
SCOR,2022-06-23
DLHC,2022-06-23
LOVE,2022-06-23
WULF,2022-06-23
ABTX,2022-06-23
FTXH,2022-06-23
CTIC,2022-06-23
FLEX,2022-06-23
ACEV,2022-06-23
LFTRU,2022-06-23
IBTK,2022-06-23
JAN,2022-06-23
K,2022-06-23
NOVN,2022-06-23
INFN,2022-06-23
COOLU,2022-06-23
TMKR,2022-06-23
LPCN,2022-06-23
LIVE,2022-06-23
THRM,2022-06-23
EPP,2022-06-29
FFWM,2022-06-23
LYRA,2022-06-23
OGIG,2022-06-29
ANAB,2022-06-23
KDP,2022-06-23
OPBK,2022-06-23
ADAG,2022-06-23
DINO,2022-06-29
BSQR,2022-06-23
TZPSU,2022-06-23
NFBK,2022-06-23
GSBC,2022-06-23
MKTX,2022-06-23
ENTA,2022-06-23
MLKN,2022-06-23
VCKAU,2022-06-23
BLCN,2022-06-23
IMTX,2022-06-23
AVTX,2022-06-23
ONEQ,2022-06-23
DGICA,2022-06-23
ANGI,2022-06-23
IPVIU,2022-06-23
ON,2022-06-23
RILYO,2022-06-23
SBGI,2022-06-23
MDT,2022-06-23
OESX,2022-06-23
FFIE,2022-06-23
QCLN,2022-06-23
PMD,2022-06-23
MOVE,2022-06-23
PWP,2022-06-23
CEVA,2022-06-23
LGIH,2022-06-23
APA,2022-06-23
ARVL,2022-06-23
PRQR,2022-06-23
IMTE,2022-06-23
BXP,2022-06-23
SMTI,2022-06-23
NIU,2022-06-23
SWIR,2022-06-23
PYPD,2022-06-23
SYNA,2022-06-23
LIQT,2022-06-23
GRNA,2022-06-23
BRCN,2022-06-23
CTAQW,2022-06-23
SENT,2022-06-29
APEN,2022-06-23
JCIC,2022-06-23
QTNT,2022-06-23
VLON,2022-06-23
ZBRA,2022-06-23
RJF,2022-06-23
MDLZ,2022-06-23
EVAX,2022-06-23
SURF,2022-06-23
NTRSO,2022-06-23
QCRH,2022-06-23
SGTX,2022-06-23
EAC,2022-06-23
VNDA,2022-06-23
CMA,2022-06-23
FRLN,2022-06-23
STKL,2022-06-23
KTCC,2022-06-23
FNHC,2022-06-23
GOVX,2022-06-23
PLXS,2022-06-23
NVCR,2022-06-23
COLM,2022-06-23
SOFO,2022-06-23
INDI,2022-06-23
MEDP,2022-06-23
REGN,2022-06-23
HLIT,2022-06-23
FANG,2022-06-23
BLFS,2022-06-23
AIKI,2022-06-23
RNW,2022-06-23
CYXT,2022-06-23
OSTRU,2022-06-23
SKOR,2022-06-23
IPDN,2022-06-23
FIXD,2022-06-23
RNLC,2022-06-23
STAA,2022-06-23
DEED,2022-06-29
EDUT,2022-06-23
HYRE,2022-06-23
SPWH,2022-06-23
ESSC,2022-06-23
VRCA,2022-06-23
WHR,2022-06-23
MBWM,2022-06-23
FTAI,2022-06-23
ARCE,2022-06-23
FTXO,2022-06-23
NAUT,2022-06-23
MOH,2022-06-23
SBSI,2022-06-23
NCSM,2022-06-23
FMB,2022-06-23
TXT,2022-06-23
COSM,2022-06-23
ZLAB,2022-06-23
CFFI,2022-06-23
WMT,2022-06-23
VBIV,2022-06-23
EVSTC,2022-06-23
AESC,2022-06-29
MOR,2022-06-23
AZTA,2022-06-23
ITRM,2022-06-23
AAWW,2022-06-23
DISAU,2022-06-23
VFF,2022-06-23
MDXG,2022-06-23
GWRS,2022-06-23
THCA,2022-06-23
EQ,2022-06-23
UMPQ,2022-06-23
HSTM,2022-06-23
NOVT,2022-06-23
PBIP,2022-06-23
CNNB,2022-06-23
TENB,2022-06-23
TATT,2022-06-23
EH,2022-06-23
VAQC,2022-06-23
TSN,2022-06-23
CATC,2022-06-23
CECE,2022-06-23
RMCF,2022-06-23
SWVL,2022-06-23
URBN,2022-06-23
LCAAU,2022-06-23
ED,2022-06-23
PHYL,2022-06-29
BGRYW,2022-06-23
QRHC,2022-06-23
NKSH,2022-06-23
RELL,2022-06-23
LSCC,2022-06-23
IGOV,2022-06-23
LMAOU,2022-06-23
SPTN,2022-06-23
SCAQU,2022-06-23
GAIA,2022-06-23
KUKE,2022-06-29
ENLV,2022-06-23
ASYS,2022-06-23
ALOT,2022-06-23
AMT,2022-06-23
RDHL,2022-06-23
WKHS,2022-06-23
BIOT,2022-06-23
RWLK,2022-06-23
EBC,2022-06-23
ASTL,2022-06-23
IGF,2022-06-23
HARP,2022-06-23
SABS,2022-06-23
RFIL,2022-06-23
PFM,2022-06-23
PRAA,2022-06-23
HAYN,2022-06-23
MDIA,2022-06-23
TMKRU,2022-06-23
OSS,2022-06-23
LYFE,2022-06-29
CODX,2022-06-23
PNQI,2022-06-23
TTNP,2022-06-23
TDY,2022-06-23
CTIB,2022-06-23
DVOL,2022-06-23
UFPI,2022-06-23
LTRN,2022-06-23
NVVE,2022-06-23
QUOT,2022-06-29
CVET,2022-06-23
DTEA,2022-06-23
LAKE,2022-06-23
GSMG,2022-06-23
KR,2022-06-23
NEGG,2022-06-23
VTVT,2022-06-23
LUMN,2022-06-23
LDEM,2022-06-23
IPKW,2022-06-23
INCY,2022-06-23
LE,2022-06-23
PHAT,2022-06-23
UNP,2022-06-23
MRNS,2022-06-23
XOMAP,2022-06-23
ASML,2022-06-23
UBFO,2022-06-23
ALPP,2022-06-23
CLPS,2022-06-23
FDX,2022-06-23
JACK,2022-06-23
VCNX,2022-06-23
CRNC,2022-06-23
ACWI,2022-06-23
ISUN,2022-06-23
BLSA,2022-06-23
FCPI,2022-06-29
USAK,2022-06-23
VII,2022-06-23
TRIP,2022-06-23
SIBN,2022-06-23
LMB,2022-06-23
CYCN,2022-06-23
POET,2022-06-23
TSCO,2022-06-23
KNSA,2022-06-23
KAII,2022-06-23
BRK-B,2022-06-23
LMACA,2022-06-23
IONM,2022-06-23
MORN,2022-06-23
RVNC,2022-06-23
FATE,2022-06-23
CORZ,2022-06-23
SBFG,2022-06-23
SLDB,2022-06-23
LGHL,2022-06-23
EIX,2022-06-23
ARQQ,2022-06-23
SRRK,2022-06-23
SAVA,2022-06-23
BPRN,2022-06-23
VCSA,2022-06-23
SENEA,2022-06-23
AKUS,2022-06-23
CDAY,2022-06-23
ALEC,2022-06-23
PCRX,2022-06-23
CHEK,2022-06-23
AFRM,2022-06-23
RILY,2022-06-23
REFR,2022-06-23
LFTRW,2022-06-23
SRGA,2022-06-23
ULTA,2022-06-23
SPFI,2022-06-23
HIVE,2022-06-23
IPB,2022-06-29
DRTT,2022-06-23
LECO,2022-06-23
CGC,2022-06-23
TRVI,2022-06-23
MBOT,2022-06-23
GCTK,2022-06-23
PNTG,2022-06-23
SWET,2022-06-23
BTWNU,2022-06-23
PACX,2022-06-23
SATL,2022-06-23
DJCO,2022-06-23
SVRA,2022-06-23
PAYC,2022-06-23
CMI,2022-06-23
OTRK,2022-06-23
CFRX,2022-06-23
VPCBU,2022-06-23
LQDT,2022-06-23
FOXWU,2022-06-23
PPC,2022-06-23
CTAQU,2022-06-23
PRN,2022-06-23
CVGW,2022-06-23
SVA,2022-06-23
LABP,2022-06-23
EOSE,2022-06-23
GNW,2022-06-29
ZVO,2022-06-23
THFF,2022-06-23
IXUS,2022-06-23
WVVI,2022-06-23
SEE,2022-06-23
GPRO,2022-06-23
EVRI,2022-06-29
Z,2022-06-23
NBSE,2022-06-23
SCHL,2022-06-23
JVA,2022-06-23
FCEF,2022-06-23
CDW,2022-06-23
SYNL,2022-06-23
COLL,2022-06-23
VSEC,2022-06-23
BPTS,2022-06-23
CMCT,2022-06-23
ARRWU,2022-06-23
LMT,2022-06-23
XOM,2022-06-23
RZLT,2022-06-23
RNDV,2022-06-23
ZYXI,2022-06-23
SNRHU,2022-06-23
PHAS,2022-06-23
CVT,2022-06-23
GNACU,2022-06-23
TC,2022-06-23
LIDR,2022-06-23
GRTS,2022-06-23
CDXS,2022-06-23
GRCY,2022-06-23
PACW,2022-06-23
BMRC,2022-06-23
VRTX,2022-06-23
VEON,2022-06-23
VIVK,2022-06-23
NSC,2022-06-23
HURC,2022-06-23
FMTX,2022-06-23
JMSB,2022-06-23
HCDI,2022-06-23
TBSAU,2022-06-23
ACST,2022-06-23
CHKEZ,2022-06-23
GLNG,2022-06-23
RNDM,2022-06-23
ZWRKU,2022-06-23
HTLD,2022-06-23
SLN,2022-06-23
NYMT,2022-06-23
UA,2022-06-23
CRSP,2022-06-23
PRTG,2022-06-23
PLPC,2022-06-23
PRFT,2022-06-23
MAS,2022-06-23
ARCC,2022-06-23
ABGI,2022-06-23
NTWK,2022-06-23
MRUS,2022-06-23
FLAC,2022-06-23
AIRR,2022-06-23
NVAX,2022-06-23
EFAS,2022-06-23
SDG,2022-06-23
PWFL,2022-06-23
ZM,2022-06-23
PHAR,2022-06-23
WSBC,2022-06-23
YELL,2022-06-23
VRRM,2022-06-23
TFSL,2022-06-23
EDIT,2022-06-23
MNMD,2022-06-23
PLMIU,2022-06-23
IQV,2022-06-23
ASAXU,2022-06-23
ENVB,2022-06-23
GLYC,2022-06-23
ACLS,2022-06-23
MANH,2022-06-23
SMLR,2022-06-23
RMR,2022-06-23
BDTX,2022-06-23
PATI,2022-06-23
RUN,2022-06-23
NVSA,2022-06-23
JHMA,2022-06-29
TER,2022-06-23
PSCD,2022-06-23
BLDP,2022-06-23
NUVA,2022-06-23
CETX,2022-06-23
PMGMU,2022-06-23
XNET,2022-06-23
NTNX,2022-06-23
SFT,2022-06-23
SANG,2022-06-23
BCPC,2022-06-23
POLA,2022-06-23
LFUS,2022-06-23
LKCO,2022-06-23
SNPX,2022-06-23
HCCI,2022-06-23
ARWR,2022-06-23
GNUS,2022-06-23
SITM,2022-06-23
PERI,2022-06-23
ACCD,2022-06-23
UK,2022-06-23
NLSP,2022-06-23
HGBL,2022-06-23
ALGM,2022-06-23
CERT,2022-06-23
PPSI,2022-06-23
MITK,2022-06-23
KBWB,2022-06-23
FREQ,2022-06-23
CEAD,2022-06-23
MCHI,2022-06-23
RCKT,2022-06-23
CNFRL,2022-06-23
XP,2022-06-23
BRTX,2022-06-23
HGEN,2022-06-23
FAST,2022-06-23
OLLI,2022-06-23
ABVC,2022-06-23
IBTB,2022-06-23
SHLS,2022-06-23
ARYD,2022-06-23
OMCL,2022-06-23
ASTR,2022-06-23
FDMT,2022-06-23
GREE,2022-06-23
AMBA,2022-06-23
MTBC,2022-06-23
HON,2022-06-23
FRGI,2022-06-23
SFNC,2022-06-23
VNOM,2022-06-23
BCAC,2022-06-23
AEAC,2022-06-23
KINS,2022-06-23
DOW,2022-06-23
GBNH,2022-06-23
PEGA,2022-06-23
WSBF,2022-06-23
BSCN,2022-06-23
RIBT,2022-06-23
PFS,2022-06-29
LMDX,2022-06-23
ACIU,2022-06-23
LIZI,2022-06-23
RFEU,2022-06-23
KSPN,2022-06-23
BSET,2022-06-23
FITBO,2022-06-23
COHU,2022-06-23
CACC,2022-06-23
RDUS,2022-06-23
IGIC,2022-06-23
EPHY,2022-06-23
ONB,2022-06-23
AXGN,2022-06-23
OXSQ,2022-06-23
AVCT,2022-06-23
CYCC,2022-06-23
HSKA,2022-06-23
CUE,2022-06-23
XNCR,2022-06-23
MRAD,2022-06-29
RDI,2022-06-23
FTQI,2022-06-23
JYAC,2022-06-23
D,2022-06-23
LEE,2022-06-23
QLYS,2022-06-23
GDYN,2022-06-23
PGJ,2022-06-23
LVO,2022-06-23
ZKIN,2022-06-23
HUBG,2022-06-23
ASRV,2022-06-23
QMCO,2022-06-23
CFFEU,2022-06-23
DUO,2022-06-23
WFCF,2022-06-23
SHC,2022-06-23
VSDA,2022-06-23
KYMR,2022-06-23
TRMD,2022-06-23
REIT,2022-06-23
INM,2022-06-23
AGNCM,2022-06-23
DCGO,2022-06-23
ASRT,2022-06-23
ADBE,2022-06-23
AMST,2022-06-23
MKD,2022-06-23
SMTC,2022-06-23
FOSL,2022-06-23
RDIB,2022-06-23
FIVE,2022-06-23
VRAY,2022-06-23
TSIB,2022-06-23
LNT,2022-06-23
SSKN,2022-06-23
HCAT,2022-06-23
AHG,2022-06-23
PCT,2022-06-23
WIA,2022-06-29
ATER,2022-06-23
TRNS,2022-06-23
CUBA,2022-06-23
BHFAO,2022-06-23
TMDX,2022-06-23
SOHOO,2022-06-23
ARDS,2022-06-23
HFFG,2022-06-23
KMI,2022-06-23
NLTX,2022-06-23
STRO,2022-06-23
BIO,2022-06-23
TCRR,2022-06-23
ACHV,2022-06-23
FCAL,2022-06-23
QQXT,2022-06-23
NMMCU,2022-06-23
ROVR,2022-06-23
RGCO,2022-06-23
RAND,2022-06-23
FISV,2022-06-23
HERAU,2022-06-23
STRS,2022-06-23
ENSG,2022-06-23
NBSTU,2022-06-23
ZIONL,2022-06-23
NAAC,2022-06-23
PHM,2022-06-23
ORRF,2022-06-23
CIGI,2022-06-23
CIVB,2022-06-23
CATH,2022-06-23
GAMCU,2022-06-23
PFIN,2022-06-23
EMCF,2022-06-23
AURCU,2022-06-23
TPST,2022-06-23
GSAQU,2022-06-23
LSEA,2022-06-23
AVAL,2022-06-29
GLSI,2022-06-23
PCYG,2022-06-23
ADVM,2022-06-23
ECL,2022-06-23
PAYO,2022-06-23
IVA,2022-06-23
NMFC,2022-06-23
SGLY,2022-06-23
CPSH,2022-06-23
SBUG,2022-06-29
EVGOW,2022-06-23
ASTC,2022-06-23
HA,2022-06-23
PKG,2022-06-23
BHVN,2022-06-29
NTUS,2022-06-23
IBM,2022-06-23
MIDD,2022-06-23
LXRX,2022-06-23
ANDE,2022-06-23
JKHY,2022-06-23
IPA,2022-06-23
FFBC,2022-06-23
BSDE,2022-06-23
VNET,2022-06-23
MBII,2022-06-23
AEMD,2022-06-23
VWOB,2022-06-23
PAVM,2022-06-23
FTRI,2022-06-23
SLM,2022-06-23
MDWD,2022-06-23
ADIL,2022-06-23
ICE,2022-06-23
NSTG,2022-06-23
SYNH,2022-06-23
CYCCP,2022-06-23
AVEM,2022-06-29
ADM,2022-06-23
PRTK,2022-06-23
EPIX,2022-06-23
PXS,2022-06-23
MLAB,2022-06-23
JAZZ,2022-06-23
NXST,2022-06-23
JAKK,2022-06-23
GPACU,2022-06-23
HSII,2022-06-23
PDFS,2022-06-23
GL,2022-06-23
FCNCA,2022-06-23
TRS,2022-06-23
NUE,2022-06-23
NEXT,2022-06-23
LQDA,2022-06-23
MINDP,2022-06-23
UAVS,2022-06-29
VTIP,2022-06-23
BLUE,2022-06-23
SBIG,2022-06-23
SMED,2022-06-23
HYMU,2022-06-29
TSBK,2022-06-23
ASAX,2022-06-23
PRVB,2022-06-23
PUCKU,2022-06-23
HOPE,2022-06-23
SBET,2022-06-23
APP,2022-06-23
HASI,2022-06-29
YQ,2022-06-23
SVC,2022-06-23
WTRH,2022-06-23
VCIT,2022-06-23
FCBC,2022-06-23
PTICW,2022-06-23
FLN,2022-06-23
LSBK,2022-06-23
VONE,2022-06-23
TNDM,2022-06-23
UNIT,2022-06-23
COUP,2022-06-23
JSPR,2022-06-23
CN,2022-06-29
VCTR,2022-06-23
NSYS,2022-06-23
LUXAW,2022-06-23
CHKEL,2022-06-23
ATLC,2022-06-23
LFVN,2022-06-23
NZAC,2022-06-23
KMB,2022-06-23
HSON,2022-06-23
SVFA,2022-06-23
SENEB,2022-06-23
MNTV,2022-06-23
TROO,2022-06-23
IUSV,2022-06-23
RILYN,2022-06-23
OKE,2022-06-23
SSYS,2022-06-23
OPRA,2022-06-23
TSAT,2022-06-23
ENSC,2022-06-23
HRMY,2022-06-23
WCLD,2022-06-23
MGPI,2022-06-23
QTT,2022-06-23
NICE,2022-06-23
FDT,2022-06-23
FE,2022-06-23
HERO,2022-06-23
HST,2022-06-23
AUBN,2022-06-23
SBTX,2022-06-23
RMNI,2022-06-23
CLSN,2022-06-23
CIZN,2022-06-23
ACAD,2022-06-23
PEY,2022-06-23
TTGT,2022-06-23
HTOO,2022-06-23
CRL,2022-06-23
RDWR,2022-06-23
GIII,2022-06-23
QQEW,2022-06-23
ATHE,2022-06-23
FSV,2022-06-23
DMLP,2022-06-23
UTME,2022-06-23
CSTE,2022-06-23
RBBN,2022-06-23
IQ,2022-06-23
DCPH,2022-06-23
NFLX,2022-06-23
PPL,2022-06-23
OMEX,2022-06-23
SNY,2022-06-23
META,2022-06-23
SVFAU,2022-06-23
RSLS,2022-06-23
CMPS,2022-06-23
OLK,2022-06-23
RVNU,2022-06-29
SCHW,2022-06-23
CMG,2022-06-23
FRC,2022-06-23
PBYI,2022-06-23
PTC,2022-06-23
CHCI,2022-06-23
REEAW,2022-06-23
APYX,2022-06-23
PFXNL,2022-06-23
CBNK,2022-06-23
AFBI,2022-06-23
NYC,2022-06-29
VRNS,2022-06-23
AVT,2022-06-23
PALT,2022-06-23
ATRC,2022-06-23
BIIB,2022-06-23
BCAB,2022-06-23
LTRX,2022-06-23
PSCF,2022-06-23
MSEX,2022-06-23
MBINP,2022-06-23
BWMX,2022-06-23
VRM,2022-06-23
LIVN,2022-06-23
CHI,2022-06-23
IMCC,2022-06-23
YTRA,2022-06-23
THCAU,2022-06-23
LHX,2022-06-23
PAYS,2022-06-23
AMTB,2022-06-23
HOTH,2022-06-23
SEIC,2022-06-23
TTD,2022-06-23
EVG,2022-06-29
NWPX,2022-06-23
DXR,2022-06-23
MPWR,2022-06-23
CRNX,2022-06-23
DPRO,2022-06-23
VPU,2022-06-29
EVOK,2022-06-23
CTLT,2022-06-23
PAYX,2022-06-23
EBAY,2022-06-23
NXGN,2022-06-23
MRTN,2022-06-23
ACQRU,2022-06-23
UCON,2022-06-29
GLBZ,2022-06-23
FWONA,2022-06-23
PAYA,2022-06-23
LTRY,2022-06-23
PAAS,2022-06-23
PARA,2022-06-23
MOHO,2022-06-23
IRM,2022-06-23
TTCF,2022-06-23
ARTNA,2022-06-23
SRSAU,2022-06-23
FCA,2022-06-23
CNP,2022-06-23
SSNC,2022-06-23
HUT,2022-06-23
MRAM,2022-06-23
CMLS,2022-06-23
PXD,2022-06-23
OPTN,2022-06-23
EMR,2022-06-23
CPRT,2022-06-23
LILM,2022-06-23
AI,2022-06-29
GEOS,2022-06-23
CYBE,2022-06-23
SLQD,2022-06-23
GSAQ,2022-06-23
MCBS,2022-06-23
EWJE,2022-06-23
EMXF,2022-06-23
ZD,2022-06-23
BZFD,2022-06-23
LMNL,2022-06-23
VXRT,2022-06-23
VIAV,2022-06-23
JRVR,2022-06-23
RETA,2022-06-23
ATXS,2022-06-23
ADPT,2022-06-23
SMMT,2022-06-23
BF-B,2022-06-23
HAAC,2022-06-23
OCCI,2022-06-23
GGE,2022-06-23
ADER,2022-06-23
FNY,2022-06-23
LMACW,2022-06-23
COMS,2022-06-23
GGPIU,2022-06-23
LDOS,2022-06-23
CALB,2022-06-23
NWLI,2022-06-23
ISEM,2022-06-23
BRLI,2022-06-23
SSTI,2022-06-23
CENT,2022-06-23
AWRE,2022-06-23
INMB,2022-06-23
DWUS,2022-06-23
IVAC,2022-06-23
SHEN,2022-06-23
DECK,2022-06-29
ILMN,2022-06-23
NRACU,2022-06-23
EMCB,2022-06-23
HAACW,2022-06-23
PCTI,2022-06-23
BHFAN,2022-06-23
MXL,2022-06-23
MRSN,2022-06-23
TIOAU,2022-06-23
HMST,2022-06-23
STOK,2022-06-23
USXF,2022-06-23
LMNR,2022-06-23
RMGC,2022-06-23
UFCS,2022-06-23
SOTK,2022-06-23
WMPN,2022-06-23
NVCN,2022-06-23
MDB,2022-06-23
TWIN,2022-06-23
J,2022-06-23
SWAV,2022-06-23
IBTI,2022-06-23
SWKH,2022-06-23
BTTX,2022-06-23
EVBG,2022-06-23
JNJ,2022-06-23
DADA,2022-06-23
TLSA,2022-06-23
HEPA,2022-06-23
HWKN,2022-06-23
ANTE,2022-06-23
ENG,2022-06-23
FRHC,2022-06-23
WTBA,2022-06-23
CVV,2022-06-23
VERI,2022-06-23
WBS,2022-06-29
PTIC,2022-06-23
ZTS,2022-06-23
GH,2022-06-23
LUV,2022-06-23
ADP,2022-06-23
MITO,2022-06-23
SNDL,2022-06-23
TXG,2022-06-23
SYTA,2022-06-23
GXIIU,2022-06-23
FPXE,2022-06-23
UG,2022-06-23
SASI,2022-06-23
CBRE,2022-06-23
CHDN,2022-06-23
UPST,2022-06-23
AGNG,2022-06-23
WEN,2022-06-23
CLIR,2022-06-23
CYAN,2022-06-23
NDRA,2022-06-23
DHC,2022-06-23
EVLMC,2022-06-23
OPNT,2022-06-23
AKRO,2022-06-23
SMCP,2022-06-23
JCICU,2022-06-23
SONO,2022-06-23
GERN,2022-06-23
PEG,2022-06-23
STBA,2022-06-23
OVLY,2022-06-23
AVNW,2022-06-23
CCAP,2022-06-23
AEZS,2022-06-23
STT,2022-06-23
USLM,2022-06-23
AVXL,2022-06-23
CACG,2022-06-23
KEY,2022-06-23
GNMA,2022-06-23
VEGI,2022-06-29
RNRG,2022-06-23
KLAQU,2022-06-23
TIGO,2022-06-23
GNOM,2022-06-23
DBVT,2022-06-23
MCRB,2022-06-23
AUTO,2022-06-23
EDOC,2022-06-23
PDBC,2022-06-23
RTAI,2022-06-29
SGML,2022-06-23
IKT,2022-06-23
MRM,2022-06-23
UBX,2022-06-23
ELMS,2022-06-23
CPTN,2022-06-23
AVGO,2022-06-23
FCN,2022-06-29
PODD,2022-06-23
PPBT,2022-06-23
MGK,2022-06-29
DWSH,2022-06-23
ADN,2022-06-23
ALTR,2022-06-23
UPRO,2022-06-29
CTMX,2022-06-23
HCICW,2022-06-23
SHAC,2022-06-23
SRRA,2022-06-23
RCON,2022-06-23
RDCM,2022-06-23
ABNB,2022-06-23
BLTSU,2022-06-23
IMCV,2022-06-23
CFIVW,2022-06-23
PCTTU,2022-06-23
TETCU,2022-06-23
FSRD,2022-06-23
MTBCP,2022-06-23
RPAY,2022-06-23
SMSI,2022-06-23
VIASP,2022-06-23
CXSE,2022-06-23
KEYS,2022-06-23
MYFW,2022-06-23
SDH,2022-06-23
WINC,2022-06-23
RXRX,2022-06-23
ASUR,2022-06-23
KDNY,2022-06-23
V,2022-06-23
TGAN,2022-06-23
FULT,2022-06-23
WTFCM,2022-06-23
NUZE,2022-06-23
BOXL,2022-06-23
TFC,2022-06-23
CDXC,2022-06-23
ALTU,2022-06-23
OPOF,2022-06-23
PSAGU,2022-06-23
MTP,2022-06-23
RSVRW,2022-06-23
RNMC,2022-06-23
FTSL,2022-06-23
SRSAW,2022-06-23
WABC,2022-06-23
VRTS,2022-06-23
OPRT,2022-06-23
RTL,2022-06-23
LGMK,2022-06-23
EHTH,2022-06-23
ATI,2022-06-29
TW,2022-06-23
BWEN,2022-06-23
KAVL,2022-06-23
HAIN,2022-06-23
NISN,2022-06-23
BAX,2022-06-23
STE,2022-06-23
AYRO,2022-06-23
PSCM,2022-06-23
NWSA,2022-06-23
DSWL,2022-06-23
BFST,2022-06-23
PRPL,2022-06-23
CSWC,2022-06-23
BRLIU,2022-06-23
SBAC,2022-06-23
AXON,2022-06-23
BENE,2022-06-23
WKEY,2022-06-23
PSCU,2022-06-23
FTFT,2022-06-23
AGBA,2022-06-23
ALLO,2022-06-23
TIL,2022-06-23
PRPO,2022-06-23
INVE,2022-06-23
FLNT,2022-06-23
GRCL,2022-06-23
KNGS,2022-06-29
SNEX,2022-06-23
CNSP,2022-06-23
USB,2022-06-23
TANNZ,2022-06-23
AKAM,2022-06-23
STAF,2022-06-23
GTBP,2022-06-23
AGGRU,2022-06-23
IMRA,2022-06-23
EDSA,2022-06-23
MLACU,2022-06-23
IEI,2022-06-23
FRPH,2022-06-23
PRTC,2022-06-23
FNGR,2022-06-23
CLRG,2022-06-23
GBRGU,2022-06-23
TZOO,2022-06-23
POAI,2022-06-23
ABMD,2022-06-23
CRESY,2022-06-23
LGACU,2022-06-23
CNET,2022-06-23
PNC,2022-06-23
AXNX,2022-06-23
CZFS,2022-06-23
BPYPO,2022-06-23
WFRD,2022-06-23
BBLN,2022-06-29
KC,2022-06-23
GOOG,2022-06-23
VTC,2022-06-23
CZNC,2022-06-23
FTCVU,2022-06-23
MCLD,2022-06-23
CCXI,2022-06-23
MMLP,2022-06-23
WVE,2022-06-23
CFA,2022-06-23
BBGI,2022-06-23
SLGL,2022-06-23
LAB,2022-06-23
EL,2022-06-23
BBIO,2022-06-23
RGNX,2022-06-23
HTBI,2022-06-23
BSCE,2022-06-23
TGTX,2022-06-23
CHRS,2022-06-23
ATNF,2022-06-23
ICUI,2022-06-23
SSAA,2022-06-23
OBT,2022-06-23
MFIN,2022-06-23
COMM,2022-06-23
ALCO,2022-06-23
EBIZ,2022-06-23
BENEW,2022-06-23
ACWX,2022-06-23
PTPI,2022-06-23
CURI,2022-06-23
TCVA,2022-06-23
ASLE,2022-06-23
JSMD,2022-06-23
STNE,2022-06-23
LTRPB,2022-06-23
JSML,2022-06-23
SHCRW,2022-06-23
DHCAU,2022-06-23
ERIE,2022-06-23
SUMR,2022-06-22
RTH,2022-06-23
CIDM,2022-06-23
DSACU,2022-06-23
DSEY,2022-06-23
DHR,2022-06-23
BSFC,2022-06-23
SIGIP,2022-06-23
SLCR,2022-06-23
HPE,2022-06-23
FUBO,2022-06-29
BANFP,2022-06-23
GTHX,2022-06-23
PFG,2022-06-23
STLD,2022-06-23
SHY,2022-06-23
CCI,2022-06-23
DOV,2022-06-23
SALM,2022-06-23
GDEV,2022-06-23
AADR,2022-06-23
HYZN,2022-06-23
LGAC,2022-06-23
PGR,2022-06-23
PHICW,2022-06-23
PBHC,2022-06-23
CRXT,2022-06-23
UNAM,2022-06-23
MS,2022-06-23
WCBR,2022-06-23
IRIX,2022-06-23
CMRX,2022-06-23
PHUN,2022-06-23
MTB,2022-06-23
LSTR,2022-06-23
BLCM,2022-06-23
SUPN,2022-06-23
HBAN,2022-06-23
LBTYB,2022-06-23
VEA,2022-06-29
INDP,2022-06-23
ATOS,2022-06-23
GIGM,2022-06-23
CPZ,2022-06-23
BTAI,2022-06-23
WAB,2022-06-23
MDNA,2022-06-23
BKEPP,2022-06-23
FTCH,2022-06-29
IMBI,2022-06-23
CVGI,2022-06-23
COIN,2022-06-23
APCX,2022-06-23
ROAD,2022-06-23
ELBM,2022-06-23
VICI,2022-06-23
ATAX,2022-06-23
WDFC,2022-06-23
HCM,2022-06-23
PLMR,2022-06-23
VS,2022-06-23
QQC,2022-06-23
CTLP,2022-06-23
CCB,2022-06-23
VECO,2022-06-23
ZYNE,2022-06-23
IJT,2022-06-23
ALHC,2022-06-23
GIFI,2022-06-23
EIGR,2022-06-23
CNCE,2022-06-23
BLMN,2022-06-23
PCSB,2022-06-23
CVAC,2022-06-23
SUSB,2022-06-23
VTWV,2022-06-23
WSC,2022-06-23
CFO,2022-06-23
NDLS,2022-06-23
FRGAP,2022-06-23
DRRX,2022-06-23
QIWI,2022-06-23
MUDSW,2022-06-23
CLWT,2022-06-23
PSA,2022-06-23
BCACW,2022-06-23
FNKO,2022-06-23
IRTC,2022-06-23
PLXP,2022-06-23
HPK,2022-06-23
FALN,2022-06-23
ALBO,2022-06-23
XAIR,2022-06-23
IIIV,2022-06-23
LOPE,2022-06-23
PGNY,2022-06-23
UFPT,2022-06-23
MMC,2022-06-23
ADSK,2022-06-23
IMAX,2022-06-29
SCLEU,2022-06-23
SPCX,2022-06-23
MYRG,2022-06-23
AFYA,2022-06-23
CEMI,2022-06-23
HTLFP,2022-06-23
LVS,2022-06-23
EXPE,2022-06-23
RKLB,2022-06-23
INGN,2022-06-23
FTHI,2022-06-23
BSMS,2022-06-23
SBNYP,2022-06-23
ORGN,2022-06-23
CCCC,2022-06-23
SGMA,2022-06-23
EKSO,2022-06-23
FMC,2022-06-23
NNOX,2022-06-23
FOXF,2022-06-23
NN,2022-06-23
TRUE,2022-06-23
IDYA,2022-06-23
SPSC,2022-06-23
VIRI,2022-06-23
CHIH,2022-06-29
EDTXU,2022-06-23
IUSB,2022-06-23
APPH,2022-06-23
FTXN,2022-06-23
X,2022-06-29
VSMV,2022-06-23
AVO,2022-06-23
SHW,2022-06-23
SGMO,2022-06-23
TXMD,2022-06-23
FAD,2022-06-23
PPH,2022-06-23
MSI,2022-06-23
FRWAU,2022-06-23
TCMD,2022-06-23
COGT,2022-06-23
BYRN,2022-06-23
UCTT,2022-06-23
NRG,2022-06-23
CRWS,2022-06-23
MUDS,2022-06-23
FINM,2022-06-23
LAMR,2022-06-23
MOTS,2022-06-23
PACB,2022-06-23
RAIL,2022-06-23
PFX,2022-06-23
FNK,2022-06-23
ACER,2022-06-23
EEMA,2022-06-23
INZY,2022-06-23
CRMT,2022-06-23
BTCY,2022-06-23
SDGR,2022-06-23
TLIS,2022-06-23
CSX,2022-06-23
IONS,2022-06-23
OCSL,2022-06-23
PNW,2022-06-23
AMRK,2022-06-23
SLAM,2022-06-23
ARGX,2022-06-23
CASI,2022-06-23
ABCM,2022-06-23
DSKE,2022-06-23
USIO,2022-06-23
FBHS,2022-06-23
VYMI,2022-06-23
BZUN,2022-06-23
OYST,2022-06-23
PVBC,2022-06-23
FLIC,2022-06-23
MKS,2017-03-20
EGRX,2022-06-23
MMYT,2022-06-23
TARS,2022-06-23
UAPR,2022-06-29
OPCH,2022-06-23
HMCOU,2022-06-23
NURO,2022-06-23
ARKR,2022-06-23
GLDD,2022-06-23
WY,2022-06-23
FLXS,2022-06-23
EPZM,2022-06-23
FAMI,2022-06-23
BIOX,2022-06-23
TAIT,2022-06-23
LKFN,2022-06-23
MSBI,2022-06-23
NFE,2022-06-23
ATIF,2022-06-23
OEPWU,2022-06-23
HNDL,2022-06-23
ZIONP,2022-06-23
AZ,2022-06-23
RCM,2022-06-23
CSWI,2022-06-23
CTSH,2022-06-23
IEX,2022-06-23
LBTYK,2022-06-23
IESC,2022-06-23
BSBK,2022-06-23
CDC,2022-06-23
DSGX,2022-06-23
MELI,2022-06-23
IWDL,2022-06-29
FTEK,2022-06-23
BR,2022-06-23
L,2022-06-23
AZO,2022-06-23
ROLL,2022-06-23
TWTR,2022-06-23
AVDL,2022-06-23
ANET,2022-06-23
MBRX,2022-06-23
ENZL,2022-06-23
EWTX,2022-06-23
FENC,2022-06-23
NAAS,2022-06-23
FUV,2022-06-23
VLDR,2022-06-23
AGBAU,2022-06-23
KELYA,2022-06-23
ANSS,2022-06-23
SIGA,2022-06-23
AFRI,2022-06-23
CNXN,2022-06-23
MCO,2022-06-23
DORM,2022-06-23
KEQU,2022-06-23
WNEB,2022-06-23
WB,2022-06-23
FOXW,2022-06-23
MBINO,2022-06-23
DLR,2022-06-23
GRAB,2022-06-23
STRM,2022-06-23
RYJ,2022-06-29
QQQ,2022-06-23
BEEM,2022-06-23
RPRX,2022-06-23
IIII,2022-06-23
BMY,2022-06-23
LMP,2017-03-13
XEL,2022-06-23
BSCQ,2022-06-23
CNEY,2022-06-23
MCFT,2022-06-23
PEP,2022-06-23
CAR,2022-06-23
PAHC,2022-06-23
GLRE,2022-06-23
FTAAU,2022-06-23
AIRTP,2022-06-23
IT,2022-06-23
HCAR,2022-06-23
ESSA,2022-06-23
SHOO,2022-06-23
GSM,2022-06-23
BGFV,2022-06-23
RACB,2022-06-23
AUBAP,2022-06-23
NVR,2022-06-23
EW,2022-06-23
NNDM,2022-06-23
LBPS,2022-06-23
PSNL,2022-06-23
KLAQ,2022-06-23
TTSH,2022-06-23
SBRA,2022-06-23
FBNC,2022-06-23
PGEN,2022-06-23
AUDC,2022-06-23
IDAI,2022-06-23
CASS,2022-06-23
AGMH,2022-06-23
SYRS,2022-06-23
IGMS,2022-06-23
IUS,2022-06-23
HAS,2022-06-23
TELA,2022-06-23
VG,2022-06-23
CPHC,2022-06-23
IGACU,2022-06-23
AGLE,2022-06-23
TDUP,2022-06-23
PMTS,2022-06-23
CRMD,2022-06-23
VONV,2022-06-23
LOCO,2022-06-23
TBBK,2022-06-23
BECN,2022-06-23
CSCO,2022-06-23
LANDO,2022-06-23
CELU,2022-06-23
SLVO,2022-06-23
PARAP,2022-06-23
TANH,2022-06-23
WEJO,2022-06-23
RNEM,2022-06-23
SAFT,2022-06-23
EGAN,2022-06-23
DGII,2022-06-23
VCLT,2022-06-23
AVCO,2022-06-23
BK,2022-06-23
HYMCL,2022-06-23
NMMC,2022-06-23
ALL,2022-06-23
CRAI,2022-06-23
AMPGW,2022-06-23
SNBR,2022-06-23
IDBA,2022-06-23
FELE,2022-06-23
CEY,2022-06-23
SLHG,2022-06-23
IFRX,2022-06-23
THRY,2022-06-23
LCR,2022-06-29
BPYPN,2022-06-23
CPT,2022-06-23
SPTK,2022-06-23
BANF,2022-06-23
FIXX,2022-06-23
HII,2022-06-23
GBIO,2022-06-23
ACGLO,2022-06-23
MYGN,2022-06-23
SLNO,2022-06-23
OHPAU,2022-06-23
SCOAW,2022-06-23
GGR,2022-06-23
SFM,2022-06-23
OFED,2022-06-23
OIIM,2022-06-23
MRTX,2022-06-23
ICPT,2022-06-23
CSTL,2022-06-23
GLHAU,2022-06-23
FITBP,2022-06-23
MGIC,2022-06-23
DE,2022-06-23
VTSI,2022-06-23
ADES,2022-06-23
RRGB,2022-06-23
ULH,2022-06-23
CHIK,2022-06-29
CTSO,2022-06-23
GASS,2022-06-23
ADERU,2022-06-23
EGIO,2022-06-23
EBET,2022-06-23
KOD,2022-06-23
PSCI,2022-06-23
MHLD,2022-06-23
SPKBU,2022-06-23
CUTR,2022-06-23
DXLG,2022-06-23
VNQI,2022-06-23
KRMA,2022-06-23
ETN,2022-06-23
FWBI,2022-06-23
SLRX,2022-06-23
SOBR,2022-06-23
SEVN,2022-06-23
LOAN,2022-06-23
EFTR,2022-06-23
RBCAA,2022-06-23
HMCO,2022-06-23
OXSQL,2022-06-23
AMOT,2022-06-23
IPGP,2022-06-23
VTHR,2022-06-23
SFST,2022-06-23
GXTG,2022-06-23
NCLH,2022-06-23
BSCS,2022-06-23
VNO,2022-06-23
AKTS,2022-06-23
TRIN,2022-06-23
ONCT,2022-06-23
SUSC,2022-06-23
SIRI,2022-06-23
CFFN,2022-06-23
BKR,2022-06-23
STTK,2022-06-23
ARVN,2022-06-23
BTBT,2022-06-23
DCBO,2022-06-23
ENOB,2022-06-23
ARAV,2022-06-23
CCEL,2022-06-23
F,2022-06-23
TFX,2022-06-23
RILYT,2022-06-23
SAGE,2022-06-23
VLO,2022-06-23
AWH,2022-06-23
DHIL,2022-06-23
MYSZ,2022-06-23
HSDT,2022-06-23
AQUA,2022-06-29
STIM,2022-06-23
TILE,2022-06-23
IIVIP,2022-06-23
ACTG,2022-06-23
KMDA,2022-06-23
DXCM,2022-06-23
ANGH,2022-06-23
WIX,2022-06-23
MBTCU,2022-06-23
LBRDK,2022-06-23
VMBS,2022-06-23
AXLA,2022-06-23
LBRDP,2022-06-23
IBOC,2022-06-23
GLDI,2022-06-23
SNOA,2022-06-23
BSCM,2022-06-23
TANNL,2022-06-23
KBAL,2022-06-23
MAYS,2022-06-23
DRIO,2022-06-23
ONTX,2022-06-23
PNRG,2022-06-23
GRPN,2022-06-23
GNRC,2022-06-23
JRSH,2022-06-23
XENE,2022-06-23
PLTR,2022-06-29
LPLA,2022-06-23
ELSE,2022-06-23
OEPW,2022-06-23
CMAX,2022-06-23
USAU,2022-06-23
TITN,2022-06-23
CVLG,2022-06-23
STRT,2022-06-23
WATT,2022-06-23
QQQX,2022-06-23
SVFAW,2022-06-23
TVTX,2022-06-23
AEP,2022-06-23
RVLP,2022-06-23
STRA,2022-06-23
HSAQ,2022-06-23
ESOA,2022-06-23
SAM,2022-06-29
QAT,2022-06-23
USLB,2022-06-23
QCOM,2022-06-23
TPR,2022-06-23
SFBC,2022-06-23
FCEL,2022-06-23
TALK,2022-06-23
ISLE,2022-06-23
PEBK,2022-06-23
CINF,2022-06-23
FORA,2022-06-23
XSPA,2022-06-23
OTIC,2022-06-23
ANIK,2022-06-23
BUG,2022-06-23
FRGT,2022-06-23
ACVA,2022-06-23
KALU,2022-06-23
FICS,2022-06-23
BROG,2022-06-23
PBLA,2022-06-23
LTCH,2022-06-23
TRUP,2022-06-23
BHSE,2022-06-23
CLRB,2022-06-23
ARBG,2022-06-23
LJAQ,2022-06-23
TLT,2022-06-23
QUBT,2022-06-23
GNLN,2022-06-23
AMAT,2022-06-23
AIZ,2022-06-23
POOL,2022-06-23
NTLA,2022-06-23
MMSI,2022-06-23
NAACU,2022-06-23
APTO,2022-06-23
AHPI,2022-06-23
BOOM,2022-06-23
IP,2022-06-23
ODFL,2022-06-23
QRTEA,2022-06-23
ARCB,2022-06-23
APTV,2022-06-23
LAZY,2022-06-23
PKW,2022-06-23
PTICU,2022-06-23
GMAB,2022-06-23
LANC,2022-06-23
GCOW,2022-06-29
RLMD,2022-06-23
HMNF,2022-06-23
VYNE,2022-06-23
RBKB,2022-06-23
VTIQW,2022-06-23
PRSR,2022-06-23
KAIR,2022-06-23
NVFY,2022-06-23
SRPT,2022-06-23
PTON,2022-06-23
CNTB,2022-06-23
SISI,2022-06-23
ICCH,2022-06-23
EBACU,2022-06-23
ORLY,2022-06-23
GCBC,2022-06-23
FTAIP,2022-06-23
CCL,2022-06-23
ERESU,2022-06-23
BDSX,2022-06-23
PMCB,2022-06-23
BBY,2022-06-23
DFH,2022-06-23
VABK,2022-06-23
CLPT,2022-06-23
WORX,2022-06-23
HYW,2022-06-23
RAPT,2022-06-23
ASPU,2022-06-23
VENA,2022-06-23
SDC,2022-06-23
TEDU,2022-06-23
ZEAL,2022-06-23
FTDR,2022-06-23
ISTB,2022-06-23
ROKU,2022-06-23
FSTR,2022-06-23
FNX,2022-06-23
DMAC,2022-06-23
BOB,2022-06-29
CREX,2022-06-23
VFC,2022-06-23
DYNT,2022-06-23
EBTC,2022-06-23
MOBQ,2022-06-23
ISSC,2022-06-23
MYMD,2022-06-23
QTEK,2022-06-23
DD,2022-06-23
VRME,2022-06-23
GROW,2022-06-23
DHHC,2022-06-23
STCN,2022-06-23
CBSH,2022-06-23
GSEV,2022-06-23
HERD,2022-06-23
ESGD,2022-06-23
EYES,2022-06-23
OBSV,2022-06-23
CHNGU,2022-06-23
FLACU,2022-06-23
BMBL,2022-06-23
PFBC,2022-06-23
ITQRU,2022-06-23
MCD,2022-06-23
HCII,2022-06-23
AQWA,2022-06-23
RCKY,2022-06-23
DUNEU,2022-06-23
TYL,2022-06-23
ALTUU,2022-06-23
NATH,2022-06-23
PHICU,2022-06-23
BNDX,2022-06-23
PRTH,2022-06-23
YGMZ,2022-06-23
DAPP,2022-06-23
BNDW,2022-06-23
BNTX,2022-06-23
MTSI,2022-06-23
WM,2022-06-23
FATBP,2022-06-23
FTSM,2022-06-23
RCMT,2022-06-23
PTGX,2022-06-23
UPLD,2022-06-23
NAOV,2022-06-23
AADI,2022-06-23
PXSAP,2022-06-23
CGBD,2022-06-23
ESGE,2022-06-23
DWPP,2022-06-23
APPN,2022-06-23
TUR,2022-06-23
HLNE,2022-06-23
BHAT,2022-06-23
HLAL,2022-06-23
KVHI,2022-06-23
HISF,2022-06-23
DVN,2022-06-23
AMGN,2022-06-23
ADTN,2022-06-23
PFIE,2022-06-23
EOSEW,2022-06-23
LYB,2022-06-23
GRWG,2022-06-23
KXIN,2022-06-23
SIFY,2022-06-23
FGEN,2022-06-23
TSLA,2022-06-23
MONCU,2022-06-23
STAB,2022-06-23
CARR,2022-06-23
ETACU,2022-06-23
GS,2022-06-23
SPCB,2022-06-23
CCLP,2022-06-23
DRI,2022-06-23
IMAB,2022-06-23
NXTG,2022-06-23
CORT,2022-06-23
VRIG,2022-06-23
APRE,2022-06-23
ZEUS,2022-06-23
RING,2022-06-23
DHI,2022-06-23
LNDC,2022-06-23
GVP,2022-06-23
VIRT,2022-06-23
CPB,2022-06-23
BIOC,2022-06-23
PDCO,2022-06-23
USIG,2022-06-23
PTSI,2022-06-23
MVBF,2022-06-23
FIVN,2022-06-23
HEXO,2022-06-23
CARV,2022-06-23
IEUS,2022-06-23
OSIS,2022-06-23
SMCI,2022-06-23
EMN,2022-06-23
ACN,2022-06-23
AVIR,2022-06-23
AJG,2022-06-23
TBCPU,2022-06-23
WHLM,2022-06-23
MINM,2022-06-23
YMAB,2022-06-23
FCNCP,2022-06-23
SPNS,2022-06-23
TURN,2022-06-23
FNWD,2022-06-23
VENAU,2022-06-23
BICK,2022-06-23
WLFC,2022-06-23
DFFN,2022-06-23
FLGV,2022-06-29
VMO,2022-06-29
FLJH,2022-06-29
MMM,2022-06-23
VRDN,2022-06-23
KTOS,2022-06-23
PH,2022-06-23
PSCT,2022-06-23
OPINL,2022-06-23
BBBY,2022-06-23
FXNC,2022-06-23
CPIX,2022-06-23
CGRN,2022-06-23
TOWN,2022-06-23
LPTH,2022-06-23
LIFE,2022-06-23
CAT,2022-06-23
JPUS,2022-06-29
SGC,2022-06-23
FORTY,2022-06-23
CRIS,2022-06-23
SCTL,2022-06-23
MSCI,2022-06-23
BSMN,2022-06-23
VINP,2022-06-23
LFMD,2022-06-23
DXGE,2022-06-23
SKYU,2022-06-23
HMTV,2022-06-23
LGVN,2022-06-23
VRNT,2022-06-23
AEI,2022-06-23
GSEVU,2022-06-23
BSMQ,2022-06-23
ICFI,2022-06-23
CBFV,2022-06-23
SOCL,2022-06-23
GRIL,2022-06-23
ORGO,2022-06-23
DRIV,2022-06-23
WNW,2022-06-23
FRT,2022-06-23
JOET,2022-06-23
VGIT,2022-06-23
WSTG,2022-06-23
KO,2022-06-23
CLVRW,2022-06-23
EWZS,2022-06-23
CTHR,2022-06-23
MGEE,2022-06-23
FAAR,2022-06-23
DARE,2022-06-23
MLVF,2022-06-23
NNBR,2022-06-23
WTRE,2022-06-29
FEMB,2022-06-23
EDTK,2022-06-23
MNOV,2022-06-23
SRCL,2022-06-23
CLNN,2022-06-23
MILN,2022-06-23
DRUG,2022-06-23
AFIB,2022-06-23
VELOU,2022-06-23
DWAW,2022-06-23
CLGN,2022-06-23
AVGOP,2022-06-23
ILPT,2022-06-23
UPC,2022-06-23
GDS,2022-06-23
GOOGL,2022-06-23
LJPC,2022-06-23
FTPAU,2022-06-23
PRSRU,2022-06-23
MIGI,2022-06-23
SOHO,2022-06-23
HCA,2022-06-23
TSHA,2022-06-23
SBLK,2022-06-23
HWCPZ,2022-06-23
CHX,2022-06-23
CLBT,2022-06-23
IBCP,2022-06-23
CRNT,2022-06-23
NXPL,2022-06-23
LULU,2022-06-23
NGM,2022-06-23
AY,2022-06-23
POWW,2022-06-23
UNB,2022-06-23
PIZ,2022-06-23
XM,2022-06-23
SOND,2022-06-23
MON,2022-06-23
FARM,2022-06-23
TCFC,2022-06-23
ALTUW,2022-06-23
RBCN,2022-06-23
MBIN,2022-06-23
UNTY,2022-06-23
BLNK,2022-06-23
WAT,2022-06-23
AKBA,2022-06-23
NBTX,2022-06-23
ACGL,2022-06-23
SPRB,2022-06-23
BIOR,2022-06-23
ICMB,2022-06-23
IIIIU,2022-06-23
LX,2022-06-23
TTOO,2022-06-23
ETR,2022-06-23
TIXT,2022-06-29
KZIA,2022-06-23
MIRM,2022-06-23
LAUR,2022-06-23
CTG,2022-06-23
VREX,2022-06-23
JAGX,2022-06-23
JFU,2022-06-23
OCFC,2022-06-23
RCL,2022-06-23
FFNW,2022-06-23
MNTK,2022-06-23
HRL,2022-06-23
PNFPP,2022-06-23
DZSI,2022-06-23
QLI,2022-06-23
BWAC,2022-06-23
DUNE,2022-06-23
BPTH,2022-06-23
GANX,2022-06-23
TXN,2022-06-23
GMBL,2022-06-23
FSBW,2022-06-23
HOLI,2022-06-23
TXRH,2022-06-23
SFIX,2022-06-23
KRMD,2022-06-23
AMAL,2022-06-23
LPRO,2022-06-23
MGYR,2022-06-23
PHIO,2022-06-23
PNFP,2022-06-23
LNSR,2022-06-23
ATCX,2022-06-23
BEAM,2022-06-23
PSET,2022-06-23
GMTX,2022-06-23
NRBO,2022-06-23
ISPOW,2022-06-23
RKDA,2022-06-23
GOEV,2022-06-23
CIH,2022-06-23
VTRS,2022-06-23
PKOH,2022-06-23
HIIIU,2022-06-23
CCRN,2022-06-23
PMGM,2022-06-23
BPMC,2022-06-23
CYTHW,2022-06-23
WTER,2022-06-23
GOCO,2022-06-23
NATI,2022-06-23
EVOP,2022-06-23
NTRA,2022-06-23
PRTS,2022-06-23
VLY,2022-06-23
ADSE,2022-06-23
HAYW,2022-06-29
CHKP,2022-06-23
SCPS,2022-06-23
NKTX,2022-06-23
BCACU,2022-06-23
WWD,2022-06-23
GLG,2022-06-23
FHB,2022-06-23
BSMR,2022-06-23
AUMN,2022-06-29
RE,2022-06-23
RCHG,2022-06-23
FCFS,2022-06-23
MTC,2022-06-23
ENR,2022-06-29
CNFR,2022-06-23
KELYB,2022-06-23
MNPR,2022-06-23
HHR,2022-06-23
ISRG,2022-06-23
AAON,2022-06-23
ONEW,2022-06-23
NVNO,2022-06-23
KBUY,2022-06-29
VPN,2022-06-23
BSMU,2022-06-23
MBIO,2022-06-23
SNUG,2022-06-23
NRIM,2022-06-23
SAL,2022-06-23
ODP,2022-06-23
AMKR,2022-06-23
VRA,2022-06-23
COOLW,2022-06-23
TRHC,2022-06-23
GTX,2022-06-23
AMTI,2022-06-23
CDLX,2022-06-23
TJX,2022-06-23
FDNI,2022-06-23
DGLY,2022-06-23
SP,2022-06-23
LEGN,2022-06-23
DGRE,2022-06-23
IMGN,2022-06-23
REG,2022-06-23
LVHD,2022-06-23
CARZ,2022-06-23
CGNX,2022-06-23
WEC,2022-06-23
AVAV,2022-06-23
IRDM,2022-06-23
MCBC,2022-06-23
EBON,2022-06-23
BTX,2022-06-23
LIXTW,2022-06-23
SYBX,2022-06-23
ESGRO,2022-06-23
FMHI,2022-06-23
IBEX,2022-06-23
VTGN,2022-06-23
BPYPP,2022-06-23
HYLS,2022-06-23
SCHN,2022-06-23
NTB,2022-06-29
EXR,2022-06-23
CJJD,2022-06-23
ASPC,2022-06-23
BRKR,2022-06-23
MAR,2022-06-23
GPC,2022-06-23
INMD,2022-06-23
UPH,2022-06-29
ARES,2022-06-29
IBTJ,2022-06-23
HUDI,2022-06-23
ES,2022-06-23
SMIT,2022-06-23
XLF,2022-06-29
SLGN,2022-06-23
PSMG,2022-06-29
MSFT,2022-06-23
BBI,2022-06-23
JHSC,2022-06-29
BAND,2022-06-23
SJM,2022-06-23
VBFC,2022-06-23
FBMS,2022-06-23
MATW,2022-06-23
VQS,2022-06-23
TBLTW,2022-06-23
NTIC,2022-06-23
KRON,2022-06-23
FTC,2022-06-23
FMAO,2022-06-23
ALGT,2022-06-23
EVGN,2022-06-23
QSI,2022-06-23
NSEC,2022-06-23
FRMEP,2022-06-23
MRIN,2022-06-23
DRE,2022-06-23
AOSL,2022-06-23
CL,2022-06-23
PANL,2022-06-23
O,2022-06-23
SLCRU,2022-06-23
CBTX,2022-06-23
VCKA,2022-06-23
ALLE,2022-06-23
XRAY,2022-06-23
PETQ,2022-06-23
EDTX,2022-06-23
APWC,2022-06-23
ROP,2022-06-23
KAIIU,2022-06-23
AJB,2012-09-24
KRYS,2022-06-23
VRSN,2022-06-23
RL,2022-06-23
SGEN,2022-06-23
AGNC,2022-06-23
ERYP,2022-06-23
CNSL,2022-06-23
CMMB,2022-06-23
FNCH,2022-06-23
PATK,2022-06-23
OSW,2022-06-23
PUK,2022-06-29
UMBF,2022-06-23
GLAD,2022-06-23
DLTR,2022-06-23
KMX,2022-06-23
HNNA,2022-06-23
PMO,2022-06-29
LITE,2022-06-23
ITI,2022-06-23
FDS,2022-06-23
GGAL,2022-06-23
FLL,2022-06-23
FUTU,2022-06-23
RAVE,2022-06-23
LGO,2022-06-23
IFV,2022-06-23
BYTSU,2022-06-23
DTSS,2022-06-23
SPNE,2022-06-23
MGTA,2022-06-23
IVZ,2022-06-23
RYAAY,2022-06-23
XYL,2022-06-23
CVLY,2022-06-23
TLS,2022-06-23
PSCC,2022-06-23
VMAR,2022-06-23
ZION,2022-06-23
VITL,2022-06-23
JCTCF,2022-06-23
CSII,2022-06-23
PSCE,2022-06-23
MTCH,2022-06-23
POWRU,2022-06-23
WIMI,2022-06-23
EAST,2022-06-23
HELE,2022-06-23
FCVT,2022-06-23
SQLV,2022-06-23
IBB,2022-06-23
VTAQ,2022-06-23
IHYF,2022-06-23
IBTF,2022-06-23
FDTS,2022-06-23
NEM,2022-06-23
PFDRU,2022-06-23
SRET,2022-06-23
HONE,2022-06-23
BDX,2022-06-23
DRTS,2022-06-23
ELYS,2022-06-23
NRP,2022-06-29
BJUL,2022-06-29
KRKR,2022-06-23
PDCE,2022-06-23
BVS,2022-06-23
FGBI,2022-06-23
SOHON,2022-06-23
AMTX,2022-06-23
ULCC,2022-06-23
AMSWA,2022-06-23
VTWO,2022-06-23
IUSS,2022-06-23
ROIV,2022-06-23
ISEE,2022-06-23
ASTS,2022-06-23
INKAU,2022-06-23
CHUY,2022-06-23
LSXMA,2022-06-23
HTOOW,2022-06-23
KRG,2022-06-29
RFDI,2022-06-23
VINO,2022-06-23
GOSS,2022-06-23
ATHA,2022-06-23
CRTX,2022-06-23
ONCR,2022-06-23
RMTI,2022-06-23
MLAC,2022-06-23
PRGS,2022-06-23
RCLF,2022-06-23
VICR,2022-06-23
INDT,2022-06-23
LINK,2022-06-23
BPOPM,2022-06-23
TRST,2022-06-23
CTEC,2022-06-23
CVLT,2022-06-23
SCSC,2022-06-23
ENDP,2022-06-23
PAK,2022-06-29
CWCO,2022-06-23
CSCW,2022-06-23
RBB,2022-06-23
GLMD,2022-06-23
ACTDU,2022-06-23
DXJS,2022-06-23
BND,2022-06-23
HWBK,2022-06-23
IFGL,2022-06-23
BBIG,2022-06-23
BSJR,2022-06-23
BANX,2022-06-23
KRNT,2022-06-23
NYMTM,2022-06-23
VOXX,2022-06-23
IEP,2022-06-23
MNRO,2022-06-23
EFX,2022-06-23
ATRO,2022-06-23
GEVO,2022-06-23
FRSGU,2022-06-23
INTG,2022-06-23
MTACW,2022-06-23
AME,2022-06-23
SMPL,2022-06-23
TTEK,2022-06-23
MVIS,2022-06-23
ALPN,2022-06-23
PIO,2022-06-23
ETTX,2022-06-23
DSP,2022-06-23
PRTA,2022-06-23
MRBK,2022-06-23
AHCO,2022-06-23
FFIC,2022-06-23
BELFB,2022-06-23
AKU,2022-06-23
NYMX,2022-06-23
TBKCP,2022-06-23
LH,2022-06-23
EXEL,2022-06-23
TMUS,2022-06-23
NRC,2022-06-23
GSAT,2022-06-29
BEN,2022-06-23
LRCX,2022-06-23
RUTH,2022-06-23
TOUR,2022-06-23
VGLT,2022-06-23
FTAIO,2022-06-23
AVEO,2022-06-23
IBTG,2022-06-23
OSTK,2022-06-23
REAL,2022-06-23
IRMD,2022-06-23
NEPH,2022-06-23
BATRK,2022-06-23
NDSN,2022-06-23
LTRPA,2022-06-23
FHTX,2022-06-23
HCIC,2022-06-23
UTSI,2022-06-23
ALTO,2022-06-23
PPBI,2022-06-23
HTBK,2022-06-23
FARO,2022-06-23
DHBCU,2022-06-23
NEON,2022-06-23
ALT,2022-06-23
OMAB,2022-06-23
TYME,2022-06-23
ANGL,2022-06-23
DQ,2022-06-29
HCICU,2022-06-23
MYPSW,2022-06-23
LUXA,2022-06-23
LEXX,2022-06-23
CG,2022-06-23
AG,2022-06-29
CLBK,2022-06-23
JUPW,2022-06-23
NGMS,2022-06-23
NXJ,2022-06-29
DWMC,2022-06-23
GPN,2022-06-23
MICS,2022-06-23
ATRI,2022-06-23
PING,2022-06-29
PARAA,2022-06-23
GLPI,2022-06-23
PTH,2022-06-23
TGT,2022-06-23
FBIO,2022-06-23
BFC,2022-06-23
BBWI,2022-06-23
LOTZ,2022-06-23
APLT,2022-06-23
DMAY,2022-06-29
JOAN,2022-06-23
GIS,2022-06-23
GSHD,2022-06-23
WRLD,2022-06-23
ANZUU,2022-06-23
PRPH,2022-06-23
WAFD,2022-06-23
BGNE,2022-06-23
PTRS,2022-06-23
PY,2022-06-23
WHF,2022-06-23
LILA,2022-06-23
ELOX,2022-06-23
EQR,2022-06-23
SNDX,2022-06-23
YI,2022-06-23
AZN,2022-06-23
GCMG,2022-06-23
HIMX,2022-06-23
EWJV,2022-06-23
HIBB,2022-06-23
METC,2022-06-23
LTBR,2022-06-23
SEDG,2022-06-23
MASI,2022-06-23
IBMO,2022-06-29
PSTG,2022-06-29
SCOB,2022-06-23
MDGS,2022-06-23
INDY,2022-06-23
SMDV,2022-07-01
HBM,2022-07-01
EGHT,2022-07-01
FRI,2022-07-01
GXC,2022-07-01
DAR,2022-07-01
TLW,2022-03-02
PFLD,2022-07-01
CRI,2022-07-01
REPX,2022-07-01
BNY,2022-07-01
FLCB,2022-07-01
MCI,2022-07-01
SDPI,2022-07-01
VIXY,2022-07-01
PXJ,2022-07-01
MED,2022-07-01
EXG,2022-07-01
NOCT,2022-07-01
IGA,2022-07-01
PNOV,2022-07-01
IHY,2022-07-01
IBIO,2022-07-01
CHII,2022-07-01
HRB,2022-07-01
WEBS,2022-07-01
ZTR,2022-07-01
PTR,2022-07-01
CRS,2022-07-01
WMK,2022-07-01
ARKW,2022-07-01
IAT,2022-07-01
SAVE,2022-07-01
FGT,2018-01-30
FXC,2022-07-01
DSL,2022-07-01
GNE,2022-07-01
GGG,2022-07-01
SCM,2022-07-01
KSM,2022-07-01
PRA,2022-07-01
CWEN,2022-07-01
SIF,2022-07-01
BPT,2022-07-01
POR,2022-07-01
AFT,2022-07-01
GHYB,2022-07-01
AVIG,2022-07-01
GBL,2022-07-01
EWD,2022-07-01
HDAW,2022-07-01
STIP,2022-07-01
PFFD,2022-07-01
SPXN,2022-07-01
DBA,2022-07-01
IGLB,2022-07-01
TAIL,2022-07-01
BARK,2022-07-01
HLGE,2022-07-01
USO,2022-07-01
KBA,2022-07-01
VALQ,2022-07-01
FXA,2022-07-01
FEN,2022-07-01
CVNA,2022-07-01
KESG,2022-07-01
BBUS,2022-07-01
TKC,2022-07-01
RMAX,2022-07-01
HTPA,2022-07-01
AWR,2022-07-01
DAPR,2022-07-01
NYF,2022-07-01
NLY,2022-07-01
GRU,2022-07-01
RNP,2022-07-01
SPR,2022-07-01
MNP,2022-07-01
RHP,2022-07-01
QARP,2022-07-01
MYN,2022-07-01
APO,2022-07-01
RAFE,2022-07-01
FNDX,2022-07-01
HTA,2022-07-01
FUE,2022-07-01
JJS,2022-07-01
AGI,2022-07-01
WBIF,2022-07-01
KMPR,2022-07-01
NFGC,2022-07-01
FBCV,2022-07-01
LAD,2022-07-01
PFFR,2022-07-01
XLSR,2022-07-01
CLB,2022-07-01
BVH,2022-07-01
CBD,2022-07-01
RMT,2022-07-01
FSD,2022-07-01
FCT,2022-07-01
BRZU,2022-07-01
SRT,2022-07-01
MTN,2022-07-01
IDA,2022-07-01
DOMA,2022-07-01
ICL,2022-07-01
ATGE,2022-07-01
SFL,2022-07-01
UBA,2022-07-01
THQ,2022-07-01
NID,2022-07-01
YEXT,2022-07-01
TRI,2022-07-01
BBMC,2022-07-01
FXD,2022-07-01
IGR,2022-07-01
DGT,2022-07-01
BEPH,2022-07-01
NCC,2022-03-02
EFIV,2022-07-01
PDS,2022-07-01
GPRK,2022-07-01
PIPP,2022-07-01
ERH,2022-07-01
FCF,2022-07-01
CLDT,2022-07-01
IQLT,2022-07-01
GOVT,2022-07-01
PNL,2017-03-20
IIGD,2022-07-01
FLBL,2022-07-01
GIL,2022-07-01
OIA,2022-07-01
FBND,2022-07-01
HART,2022-07-01
CPE,2022-07-01
PFL,2022-07-01
EEX,2022-07-01
EINC,2022-07-01
VFMO,2022-07-01
XOP,2022-07-01
BANC,2022-07-01
FXY,2022-07-01
BILL,2022-07-01
QQ,2018-07-13
SILJ,2022-07-01
JPHY,2022-07-01
TPC,2022-07-01
ING,2022-07-01
QUAD,2022-07-01
DEW,2022-07-01
EPI,2022-07-01
TFLO,2022-07-01
HEQ,2022-07-01
IWN,2022-07-01
BVN,2022-07-01
YMAR,2022-07-01
ST,2022-07-01
PD,2022-07-01
YRD,2022-07-01
IDMO,2022-07-01
EFL,2022-07-01
SDHY,2022-07-01
RFL,2022-07-01
HYLD,2022-07-01
PSP,2022-07-01
RLY,2022-07-01
IFN,2022-07-01
SPXL,2022-07-01
SXC,2022-07-01
MLPB,2022-07-01
YCS,2022-07-01
FLJP,2022-07-01
GF,2022-07-01
GCOR,2022-07-01
KHYB,2022-07-01
HTFB,2022-07-01
HXL,2022-07-01
BFOR,2022-07-01
SQM,2022-07-01
PAI,2022-07-01
GSG,2022-07-01
VSL,2022-07-01
TEX,2022-07-01
MSA,2022-07-01
DGL,2022-07-01
XLB,2022-07-01
OCN,2022-07-01
MSN,2022-07-01
HYLN,2022-07-01
INSW,2022-07-01
PILL,2022-07-01
TTAC,2022-07-01
VHT,2022-07-01
NDMO,2022-07-01
VGZ,2022-07-01
WTI,2022-07-01
VHAQ,2022-07-01
MTA,2022-07-01
SCX,2022-07-01
DZZ,2022-07-01
CAE,2022-07-01
JCPB,2022-07-01
DSU,2022-07-01
XLE,2022-07-01
ENJ,2022-07-01
PLYM,2022-07-01
XPH,2022-07-01
EWSC,2022-07-01
WTRG,2022-07-01
CVI,2022-07-01
DTF,2022-07-01
JSD,2022-07-01
SYUS,2022-07-01
SFIG,2022-07-01
MUI,2022-07-01
FFC,2022-07-01
DIVO,2022-07-01
MTUL,2022-07-01
FOF,2022-07-01
SQEW,2022-07-01
UWM,2022-07-01
SVT,2022-07-01
IEZ,2022-07-01
IVH,2022-07-01
AVDG,2022-07-01
TECK,2022-07-01
EDD,2022-07-01
RRX,2022-07-01
ARKK,2022-07-01
NJUL,2022-07-01
IYJ,2022-07-01
BSAC,2022-07-01
PDM,2022-07-01
FFTI,2022-07-01
IYM,2022-07-01
VPL,2022-07-01
TOTL,2022-07-01
ACWV,2022-07-01
MVF,2022-07-01
SPEU,2022-07-01
NJAN,2022-07-01
HDMV,2022-07-01
ERX,2022-07-01
OOMA,2022-07-01
VUSE,2022-07-01
IGG,2017-03-20
NUSC,2022-07-01
PBD,2022-07-01
VOE,2022-07-01
SGOL,2022-07-01
TBC,2022-07-01
RACE,2022-07-01
ISCG,2022-07-01
XSVM,2022-07-01
CHN,2022-07-01
BUFD,2022-07-01
UGA,2022-07-01
FLMB,2022-07-01
AIRI,2022-07-01
ILCG,2022-07-01
FEV,2017-03-20
VEU,2022-07-01
JDST,2022-07-01
SPXU,2022-07-01
FCOR,2022-07-01
ROMO,2022-07-01
IQDY,2022-07-01
PYT,2022-07-01
GEHI,2022-07-01
PLNT,2022-07-01
BDL,2022-07-01
FRO,2022-07-01
NETL,2022-07-01
CPTK,2022-07-01
VYM,2022-07-01
LZB,2022-07-01
VICE,2022-07-01
GSLD,2022-07-01
HYDW,2022-07-01
INN,2022-07-01
SLF,2022-07-01
VOO,2022-07-01
SRVR,2022-07-01
TREX,2022-07-01
HTY,2022-07-01
BHE,2022-07-01
PMVC,2022-07-01
VSTO,2022-07-01
SPGP,2022-07-01
VSGX,2022-07-01
AZBJ,2022-07-01
SAA,2022-07-01
AVDR,2022-07-01
DFAE,2022-07-01
BGT,2022-07-01
IWP,2022-07-01
ULVM,2022-07-01
PAGS,2022-07-01
USAC,2022-07-01
EARN,2022-07-01
EXTN,2022-07-01
EVN,2022-07-01
MENV,2022-07-01
CHE,2022-07-01
PSTH,2022-07-01
NUGT,2022-07-01
OEUR,2022-07-01
SHEL,2022-07-01
MZZ,2022-07-01
QLVE,2022-07-01
DBRG,2022-07-01
SKT,2022-07-01
HIBS,2022-07-01
HAIL,2022-07-01
JJA,2022-07-01
EAOA,2022-07-01
IAA,2022-07-01
TFII,2022-07-01
HOC,2018-01-30
SCU,2022-07-01
APOLLOHOSP.NS,2022-07-01
QVCD,2022-07-01
SEMR,2022-07-01
RJA,2022-07-01
WLL,2022-07-01
IDV,2022-07-01
IJUL,2022-07-01
BCSF,2022-07-01
KOCT,2022-07-01
TAL,2022-07-01
IXN,2022-07-01
UTRN,2022-07-01
UAN,2022-07-01
SHPW,2022-07-01
CCCS,2022-07-01
SJR,2022-07-01
GFF,2022-07-01
MUA,2022-07-01
NEXA,2022-07-01
MINN,2022-07-01
VFMV,2022-07-01
GBIL,2022-07-01
KN,2022-07-01
JVAL,2022-07-01
WAL,2022-07-01
PICK,2022-07-01
AX,2022-07-01
UAMY,2022-07-01
SJNK,2022-07-01
FSEC,2022-07-01
FJUN,2022-07-01
JT,2022-07-01
VBK,2022-07-01
MLPR,2022-07-01
VST,2022-07-01
KORE,2022-07-01
IXC,2022-07-01
SACC,2022-07-01
SIL,2022-07-01
ARGO,2022-07-01
BXMX,2022-07-01
CORP,2022-07-01
INDUSINDBK.NS,2022-07-01
HKND,2022-07-01
DNL,2022-07-01
GSQD,2022-07-01
RWVG,2022-07-01
JHMM,2022-07-01
SPBO,2022-07-01
DEO,2022-07-01
AXS,2022-07-01
MTMT,2022-07-01
ALFA,2022-07-01
KRP,2022-07-01
DDS,2022-07-01
BKIE,2022-07-01
CWS,2022-07-01
WIP,2022-07-01
WBX,2022-07-01
NMCO,2022-07-01
OMF,2022-07-01
JHCS,2022-07-01
IYR,2022-07-01
GPS,2022-07-01
AGR,2022-07-01
PBH,2022-07-01
ASR,2022-07-01
DRX,2018-02-22
NBHC,2022-07-01
SPH,2022-07-01
XBAP,2022-07-01
AIVL,2022-07-01
ESEB,2022-07-01
LMND,2022-07-01
ISRA,2022-07-01
FM,2022-07-01
FLRG,2022-07-01
DEF,2022-07-01
GBAB,2022-07-01
KEMQ,2022-07-01
STC,2022-07-01
SRG,2022-07-01
LGLV,2022-07-01
TMST,2022-07-01
CBU,2022-07-01
PNTM,2022-07-01
ZWS,2022-07-01
HYS,2022-07-01
FOR,2022-07-01
NJR,2022-07-01
ECOZ,2022-07-01
SHO,2022-07-01
BLDR,2022-07-01
CCVI,2022-07-01
FCTR,2022-07-01
LGL,2022-07-01
TPZ,2022-07-01
DEI,2022-07-01
MGC,2022-07-01
CLF,2022-07-01
MPRO,2022-07-01
DK,2022-07-01
HEI,2022-07-01
NILE,2022-07-01
STAG,2022-07-01
PSK,2022-07-01
CABO,2022-07-01
VTI,2022-07-01
KBH,2022-07-01
DBEU,2022-07-01
ROR,2016-07-26
MFV,2022-07-01
TDSA,2022-07-01
BTT,2022-07-01
GDL,2022-07-01
DLS,2022-07-01
FXF,2022-07-01
FSMO,2022-07-01
GGZ,2022-07-01
ITUB,2022-07-01
EEMV,2022-07-01
CUZ,2022-07-01
ENBA,2022-07-01
ATA,2022-07-01
ARGD,2022-07-01
SCJ,2022-07-01
BWXT,2022-07-01
DEX,2022-07-01
FPL,2022-07-01
CLVT,2022-07-01
DFND,2022-07-01
SSLY,2022-07-01
DNMR,2022-07-01
EWU,2022-07-01
USL,2022-07-01
DASH,2022-07-01
MBI,2022-07-01
HPX,2022-07-01
DCF,2022-07-01
FQAL,2022-07-01
SPLV,2022-07-01
MSGE,2022-07-01
PHI,2022-07-01
ECNS,2022-07-01
BBJP,2022-07-01
VB,2022-07-01
DVYA,2022-07-01
ETW,2022-07-01
WOW,2022-07-01
VGT,2022-07-01
CVII,2022-07-01
XMMO,2022-07-01
MAB,2018-12-18
OSCR,2022-07-01
BMTX,2022-07-01
FERG,2022-07-01
FACA,2022-07-01
ILCB,2022-07-01
ATUS,2022-07-01
BGX,2022-07-01
FISK,2022-07-01
APT,2022-07-01
BHIL,2022-07-01
FBGX,2022-07-01
NVGS,2022-07-01
MEI,2022-07-01
DIG,2022-07-01
SCS,2022-07-01
IYLD,2022-07-01
THM,2022-07-01
HBI,2022-07-01
VBF,2022-07-01
ETHO,2022-07-01
CCF,2022-07-01
GBLO,2022-07-01
DHT,2022-07-01
OVV,2022-07-01
XMVM,2022-07-01
ACH,2022-07-01
LSPD,2022-07-01
TPX,2022-07-01
KYN,2022-07-01
ASAN,2022-07-01
SOR,2022-07-01
CNYA,2022-07-01
STPZ,2022-07-01
OR,2022-07-01
ETB,2022-07-01
KAI,2022-07-01
TEVA,2022-07-01
FSEP,2022-07-01
FRGE,2022-07-01
ABG,2022-07-01
OWL,2022-07-01
GOLD,2022-07-01
EXK,2022-07-01
TDC,2022-07-01
TGIF,2022-07-01
PHB,2022-07-01
STEM,2022-07-01
XYF,2022-07-01
GPK,2022-07-01
CNX,2022-07-01
NXP,2022-07-01
INKM,2022-07-01
HUYA,2022-07-01
DEA,2022-07-01
JULZ,2022-07-01
AM,2022-07-01
WUGI,2022-07-01
SPSK,2022-07-01
PED,2022-07-01
XPOA,2022-07-01
HPP,2022-07-01
NGVC,2022-07-01
BAMH,2022-07-01
VNMC,2022-07-01
VTY,2018-02-28
IWFH,2022-07-01
BMAY,2022-07-01
BGR,2022-07-01
FHI,2022-07-01
FIGB,2022-07-01
NGG,2022-07-01
JNK,2022-07-01
MAV,2022-07-01
NTST,2022-07-01
BBIN,2022-07-01
SHE,2022-07-01
BERY,2022-07-01
OLP,2022-07-01
IDT,2022-07-01
EDZ,2022-07-01
UITB,2022-07-01
HEWJ,2022-07-01
TUP,2022-07-01
ENVA,2022-07-01
BEPC,2022-07-01
IAUF,2022-07-01
HYUP,2022-07-01
IX,2022-07-01
VRP,2022-07-01
NIMC,2022-07-01
SJIV,2022-07-01
TRTX,2022-07-01
TPYP,2022-07-01
JFR,2022-07-01
FMAG,2022-07-01
ESRT,2022-07-01
DWIN,2022-07-01
CDE,2022-07-01
LEVI,2022-07-01
HEWU,2022-07-01
SQNS,2022-07-01
BOX,2022-07-01
MOTI,2022-07-01
SLYG,2022-07-01
EVR,2022-07-01
SPMB,2022-07-01
MAMB,2022-07-01
GOL,2022-07-01
BOOT,2022-07-01
XSHQ,2022-07-01
EIS,2022-07-01
TMF,2022-07-01
DJUN,2022-07-01
BBVA,2022-07-01
INTF,2022-07-01
TDTT,2022-07-01
TIPX,2022-07-01
AORT,2022-07-01
AGS,2022-07-01
IHD,2022-07-01
LFC,2022-07-01
NSTC,2022-07-01
HOUS,2022-07-01
NAZ,2022-07-01
VSH,2022-07-01
VALE,2022-07-01
BCX,2022-07-01
MUFG,2022-07-01
HDIV,2022-07-01
IGC,2022-07-01
AMK,2022-07-01
EWT,2022-07-01
NESTLEIND.NS,2022-07-01
SSU,2022-07-01
DHF,2022-07-01
PNF,2022-07-01
MMS,2022-07-01
AP,2022-07-01
ACVF,2022-07-01
JHMC,2022-07-01
HINDALCO.NS,2022-07-01
FND,2022-07-01
LDI,2022-07-01
IVT,2022-07-01
FLC,2022-07-01
FNDC,2022-07-01
PFXF,2022-07-01
MGRB,2022-07-01
AMPS,2022-07-01
PBUS,2022-07-01
AE,2022-07-01
FIDI,2022-07-01
MEAR,2022-07-01
CSR,2022-07-01
KTH,2022-07-01
CII,2022-07-01
PQIN,2022-07-01
OPAD,2022-07-01
VRE,2022-07-01
BNKU,2022-07-01
IGRO,2022-07-01
EVV,2022-07-01
AR,2022-07-01
RZA,2022-07-01
MTG,2022-07-01
TARO,2022-07-01
VFQY,2022-07-01
XDAT,2022-07-01
FEDU,2022-07-01
HAP,2022-07-01
YCL,2022-07-01
FXU,2022-07-01
XVOL,2022-07-01
BAJAJFINSV.NS,2022-07-01
WLDR,2022-07-01
WPCA,2022-07-01
QEFA,2022-07-01
IPO,2022-07-01
IVDG,2022-07-01
SPNT,2022-07-01
GLOP,2022-07-01
SPSM,2022-07-01
EQOP,2022-07-01
ABEV,2022-07-01
ELAT,2022-07-01
NS,2022-07-01
ZIG,2022-07-01
WD,2022-07-01
NGE,2022-07-01
RFFC,2022-07-01
SECT,2022-07-01
NMZ,2022-07-01
SU,2022-07-01
BDEC,2022-07-01
TMFC,2022-07-01
CNF,2022-07-01
EEM,2022-07-01
DSX,2022-07-01
SJW,2022-07-01
DEM,2022-07-01
JRI,2022-07-01
FBC,2022-07-01
TSPQ,2022-07-01
GMRE,2022-07-01
UDEC,2022-07-01
MQT,2022-07-01
KRC,2022-07-01
FXL,2022-07-01
TVC,2022-07-01
ZEV,2022-07-01
LEO,2022-07-01
WEX,2022-07-01
SUB,2022-07-01
SGU,2022-07-01
GAU,2022-07-01
UL,2022-07-01
JOF,2022-07-01
FN,2022-07-01
FLAX,2022-07-01
SOLN,2022-07-01
BTZ,2022-07-01
CRAK,2022-07-01
DVYE,2022-07-01
DCO,2022-07-01
TMAC,2022-07-01
CORN,2022-07-01
MITT,2022-07-01
SIM,2022-07-01
EFNL,2022-07-01
IVR,2022-07-01
PEO,2022-07-01
COALINDIA.NS,2022-07-01
PSF,2022-07-01
KRE,2022-07-01
IVSG,2022-07-01
KW,2022-07-01
FAIL,2022-07-01
NACP,2022-07-01
WBT,2022-07-01
AGGY,2022-07-01
CHCT,2022-07-01
VUG,2022-07-01
BRFS,2022-07-01
CMC,2022-07-01
CWT,2022-07-01
RVT,2022-07-01
SDY,2022-07-01
BIP,2022-07-01
ACP,2022-07-01
IXJ,2022-07-01
LRNZ,2022-07-01
STLG,2022-07-01
INCO,2022-07-01
DAVA,2022-07-01
SPYX,2022-07-01
LVHI,2022-07-01
WLK,2022-07-01
ATR,2022-07-01
IAI,2022-07-01
IHDG,2022-07-01
IGLD,2022-07-01
IMPX,2022-07-01
WMC,2022-07-01
EIC,2022-07-01
OPP,2022-07-01
IEFA,2022-07-01
BDCX,2022-07-01
ABEQ,2022-07-01
GVIP,2022-07-01
SCHM,2022-07-01
IJS,2022-07-01
IGM,2022-07-01
MFC,2022-07-01
OGS,2022-07-01
CSM,2022-07-01
MN,2022-07-01
KGC,2022-07-01
DBEH,2022-07-01
DTB,2022-07-01
STLA,2022-07-01
RKLY,2022-07-01
SSTK,2022-07-01
HDEF,2022-07-01
NBH,2022-07-01
PSMD,2022-07-01
GAZ,2022-07-01
IBER,2022-07-01
IVOG,2022-07-01
QCON,2022-07-01
AIT,2022-07-01
CALF,2022-07-01
TGRW,2022-07-01
SRC,2022-07-01
AVNS,2022-07-01
NWG,2022-07-01
VRAI,2022-07-01
MGV,2022-07-01
CALX,2022-07-01
NERD,2022-07-01
MXI,2022-07-01
NVT,2022-07-01
FLTR,2022-07-01
AGO,2022-07-01
PCM,2022-07-01
JOB,2022-07-01
SBS,2022-07-01
MGA,2022-07-01
INDO,2022-07-01
QMN,2022-07-01
NM,2022-07-01
GATX,2022-07-01
ARLO,2022-07-01
RDFI,2022-07-01
TWM,2022-07-01
HYGV,2022-07-01
PTNQ,2022-07-01
ARW,2022-07-01
COA,2014-05-02
MIY,2022-07-01
WNC,2022-07-01
ICOL,2022-07-01
UNOV,2022-07-01
OCFT,2022-07-01
GDMA,2022-07-01
XOUT,2022-07-01
PBDM,2022-07-01
KOP,2022-07-01
EJUL,2022-07-01
VSS,2022-07-01
BMED,2022-07-01
JEPI,2022-07-01
RYT,2022-07-01
AOR,2022-07-01
PBEE,2022-07-01
ELS,2022-07-01
SXT,2022-07-01
TPHS,2022-07-01
JNUG,2022-07-01
ETO,2022-07-01
AXTA,2022-07-01
XFLT,2022-07-01
MUJ,2022-07-01
VBR,2022-07-01
OILK,2022-07-01
ML,2022-07-01
PFFV,2022-07-01
WPS,2022-07-01
PFIG,2022-07-01
NEU,2022-07-01
IHAK,2022-07-01
ROBO,2022-07-01
MPW,2022-07-01
COWZ,2022-07-01
EURN,2022-07-01
BAUG,2022-07-01
HL,2022-07-01
ADFI,2022-07-01
ETG,2022-07-01
BIGZ,2022-07-01
FAUG,2022-07-01
FISR,2022-07-01
DJP,2022-07-01
ITA,2022-07-01
EWS,2022-07-01
CSP,2018-02-28
UIS,2022-07-01
HAE,2022-07-01
BOSS,2022-07-01
DOOR,2022-07-01
XLP,2022-07-01
MLI,2022-07-01
FMX,2022-07-01
BURL,2022-07-01
USHY,2022-07-01
DBEZ,2022-07-01
PEN,2022-07-01
VVV,2022-07-01
GBR,2022-07-01
VTV,2022-07-01
MATX,2022-07-01
TVE,2022-07-01
ONEY,2022-07-01
ANAC,2022-07-01
CSTA,2022-07-01
MUB,2022-07-01
JHMT,2022-07-01
FSM,2022-07-01
KAR,2022-07-01
LOMA,2022-07-01
CUBE,2022-07-01
BSTZ,2022-07-01
CPI,2022-07-01
SCHZ,2022-07-01
BME,2022-07-01
NSTD,2022-07-01
SPYD,2022-07-01
NIC,2022-07-01
DBB,2022-07-01
SYLD,2022-07-01
UOCT,2022-07-01
NEX,2022-07-01
LBAY,2022-07-01
SPOT,2022-07-01
BAB,2022-07-01
VLU,2022-07-01
TME,2022-07-01
MHN,2022-07-01
FLME,2022-07-01
TRQ,2022-07-01
IEO,2022-07-01
BKSE,2022-07-01
OFG,2022-07-01
VIG,2022-07-01
OI,2022-07-01
JJP,2022-07-01
ITT,2022-07-01
SLG,2022-07-01
AER,2022-07-01
GTY,2022-07-01
BCV,2022-07-01
SPTS,2022-07-01
BKI,2022-07-01
RLI,2022-07-01
PPTY,2022-07-01
BEST,2022-07-01
FGD,2022-07-01
TYD,2022-07-01
EMFQ,2022-07-01
BAJAJ-AUTO.NS,2022-07-01
SST,2022-07-01
HUBB,2022-07-01
DIT,2022-07-01
QTAP,2022-07-01
JHMU,2022-07-01
EWA,2022-07-01
PJP,2022-07-01
LGI,2022-07-01
XSD,2022-07-01
TEM,2018-12-06
CWK,2022-07-01
GLRY,2022-07-01
EUSA,2022-07-01
FDD,2022-07-01
BEDU,2022-07-01
HYBB,2022-07-01
COW,2022-07-01
GEF,2022-07-01
UAUG,2022-07-01
ACWF,2022-07-01
YTPG,2022-07-01
UEC,2022-07-01
EXN,2022-07-01
HDG,2022-07-01
DBS,2022-07-01
SHM,2022-07-01
TYG,2022-07-01
PLM,2022-07-01
TECS,2022-07-01
RDY,2022-07-01
SII,2022-07-01
GINN,2022-07-01
CAPC,2022-07-01
GLT,2022-07-01
ELM,2018-01-30
DIVB,2022-07-01
NNN,2022-07-01
MYO,2022-07-01
FENG,2022-07-01
SWT,2022-07-01
BZQ,2022-07-01
BSV,2022-07-01
MPX,2022-07-01
JPME,2022-07-01
LD,2022-07-01
MIC,2022-07-01
EOD,2022-07-01
LND,2022-07-01
PBFX,2022-07-01
RKT,2022-07-01
VNLA,2022-07-01
JANZ,2022-07-01
SEPZ,2022-07-01
CUBB,2022-07-01
XME,2022-07-01
EWH,2022-07-01
CEFD,2022-07-01
SUI,2022-07-01
WWJD,2022-07-01
PGTI,2022-07-01
OIS,2022-07-01
SCCC,2022-07-01
NOAH,2022-07-01
ULE,2022-07-01
UCC,2022-07-01
FLV,2022-07-01
AMC,2022-07-01
STRY,2022-07-01
IDX,2022-07-01
BBOX,2019-01-07
EGY,2022-07-01
LEV,2022-07-01
DIV,2022-07-01
EWM,2022-07-01
EDU,2022-07-01
SIXS,2022-07-01
UTZ,2022-07-01
UCO,2022-07-01
DCI,2022-07-01
FLSA,2022-07-01
KFVG,2022-07-01
SPTI,2022-07-01
TRX,2022-07-01
PTBD,2022-07-01
RINF,2022-07-01
STM,2022-07-01
STR,2022-07-01
BKAG,2022-07-01
SBH,2022-07-01
DSOC,2022-07-01
HJEN,2022-07-01
BATT,2022-07-01
TTI,2022-07-01
GGT,2022-07-01
AJRD,2022-07-01
SITC,2022-07-01
ETV,2022-07-01
CMBS,2022-07-01
TPIF,2022-07-01
PMM,2022-07-01
AQNA,2022-07-01
ALE,2022-07-01
TROX,2022-07-01
ESGN,2022-07-01
BRBS,2022-07-01
SWI,2022-07-01
AMBO,2022-07-01
HUSA,2022-07-01
NGD,2022-07-01
KRO,2022-07-01
REI,2022-07-01
STAR,2022-07-01
SCHA,2022-07-01
SOL,2022-07-01
BRSP,2022-07-01
PBS,2022-07-01
XWEB,2022-07-01
TG,2022-07-01
BNDC,2022-07-01
SHOP,2022-07-01
PW,2022-07-01
XPL,2022-07-01
SPAB,2022-07-01
CANF,2022-07-01
MIDE,2022-07-01
BSM,2022-07-01
GEO,2022-07-01
NCV,2022-07-01
CET,2022-07-01
IYT,2022-07-01
EWQ,2022-07-01
UFAB,2022-07-01
JRS,2022-07-01
NOVZ,2022-07-01
ESI,2022-07-01
HHLA,2022-07-01
DRN,2022-07-01
IG,2022-07-01
NBY,2022-07-01
GRC,2022-07-01
QDEF,2022-07-01
AGZ,2022-07-01
SPHY,2022-07-01
FNGU,2022-07-01
NRK,2022-07-01
MDYV,2022-07-01
USPH,2022-07-01
BAH,2022-07-01
XITK,2022-07-01
MFA,2022-07-01
EMDV,2022-07-01
YETI,2022-07-01
ICD,2022-07-01
VOX,2022-07-01
LRGF,2022-07-01
AIIQ,2022-07-01
CCRD,2022-07-01
IBMQ,2022-07-01
CKX,2022-07-01
ITCB,2022-07-01
DOCN,2022-07-01
XLU,2022-07-01
PBI,2022-07-01
KVLE,2022-07-01
LEU,2022-07-01
RY,2022-07-01
BUFR,2022-07-01
LPX,2022-07-01
AZAL,2022-07-01
GJS,2022-07-01
NTPC.NS,2022-07-01
LDUR,2022-07-01
SPVM,2022-07-01
CSV,2022-07-01
APAM,2022-07-01
FUNL,2022-07-01
IYW,2022-07-01
HZON,2022-07-01
SDS,2022-07-01
DTEC,2022-07-01
TRNO,2022-07-01
QS,2022-07-01
REC,2022-07-01
HPF,2022-07-01
TCS.NS,2022-07-01
BMAR,2022-07-01
ORC,2022-07-01
SPCE,2022-07-01
DDM,2022-07-01
CHIE,2022-07-01
LSAF,2022-07-01
GVAL,2022-07-01
BHV,2022-07-01
WWW,2022-07-01
DTD,2022-07-01
SAND,2022-07-01
DUSL,2022-07-01
EDI,2022-07-01
CHH,2022-07-01
CHWY,2022-07-01
ACI,2022-07-01
KAMN,2022-07-01
FFA,2022-07-01
RHE,2022-07-01
OPY,2022-07-01
CIPLA.NS,2022-07-01
TLTD,2022-07-01
RJI,2022-07-01
TALO,2022-07-01
HLI,2022-07-01
UPW,2022-07-01
GTIP,2022-07-01
AMTD,2022-07-01
OGCP,2022-07-01
BFTR,2022-07-01
EQAL,2022-07-01
EPOL,2022-07-01
PFO,2022-07-01
SLX,2022-07-01
IAPR,2022-07-01
DPST,2022-07-01
TIMB,2022-07-01
MQY,2022-07-01
VFL,2022-07-01
ENO,2022-07-01
AIEQ,2022-07-01
ELP,2022-07-01
AVA,2022-07-01
JHEM,2022-07-01
CHT,2022-07-01
NUMG,2022-07-01
BNED,2022-07-01
KT,2022-07-01
PJT,2022-07-01
MTNB,2022-07-01
HMOP,2022-07-01
AGQ,2022-07-01
NXRT,2022-07-01
VPG,2022-07-01
HDV,2022-07-01
SES,2022-07-01
IBHE,2022-07-01
XLY,2022-07-01
DJAN,2022-07-01
GME,2022-07-01
SHAK,2022-07-01
PSCW,2022-07-01
MJ,2022-07-01
MDH,2022-07-01
AN,2022-07-01
NCA,2022-07-01
BBAI,2022-07-01
SSL,2022-07-01
RCI,2022-07-01
BWG,2022-07-01
HTUS,2022-07-01
RNG,2022-07-01
YYY,2022-07-01
BFLY,2022-07-01
CNS,2022-07-01
MCB,2022-07-01
NFG,2022-07-01
CNBS,2022-07-01
ARKQ,2022-07-01
UXI,2022-07-01
ORCC,2022-07-01
GLS,2022-07-01
IEV,2022-07-01
JXI,2022-07-01
UVE,2022-07-01
EELV,2022-07-01
EFAV,2022-07-01
CEN,2022-07-01
SBOW,2022-07-01
GDOT,2022-07-01
CADE,2022-07-01
MDYG,2022-07-01
GJP,2022-07-01
HE,2022-07-01
ENLC,2022-07-01
DMAR,2022-07-01
AFGC,2022-07-01
FMS,2022-07-01
HACK,2022-07-01
NRDY,2022-07-01
EQH,2022-07-01
ECOM,2022-07-01
PRTY,2022-07-01
UHT,2022-07-01
EMAN,2022-07-01
DSEP,2022-07-01
GSEU,2022-07-01
DMB,2022-07-01
ASZ,2022-07-01
NRGX,2022-07-01
UTES,2022-07-01
VATE,2022-07-01
RFV,2022-07-01
FEVR,2022-07-01
FDP,2022-07-01
IXG,2022-07-01
BKF,2022-07-01
WLKP,2022-07-01
SNPE,2022-07-01
HTD,2022-07-01
XCLR,2022-07-01
FXI,2022-07-01
SDOW,2022-07-01
IGBH,2022-07-01
ULST,2022-07-01
KXI,2022-07-01
ANF,2022-07-01
MLR,2022-07-01
FSMB,2022-07-01
GDV,2022-07-01
IIM,2022-07-01
IWM,2022-07-01
PFFL,2022-07-01
FNGS,2022-07-01
CNA,2022-07-01
GUT,2022-07-01
AZAA,2022-07-01
ASHR,2022-07-01
CBSE,2022-07-01
MTO,2018-02-22
GSIG,2022-07-01
CPF,2022-07-01
NMI,2022-07-01
BWSN,2022-07-01
IBDT,2022-07-01
SMDY,2022-07-01
LDP,2022-07-01
WGO,2022-07-01
AFIF,2022-07-01
ULTR,2022-07-01
PAPR,2022-07-01
ZOM,2022-07-01
SAIL,2022-07-01
TPL,2022-07-01
UMH,2022-07-01
FIX,2022-07-01
NIB,2022-07-01
HNW,2022-07-01
IMTM,2022-07-01
BJ,2022-07-01
ETRN,2022-07-01
INSI,2022-07-01
SCHG,2022-07-01
RWR,2022-07-01
IBDR,2022-07-01
JWSM,2022-07-01
PSMB,2022-07-01
JEQ,2022-07-01
ETD,2022-07-01
RODE,2022-07-01
NVQ,2022-07-01
RIG,2022-07-01
NBR,2022-07-01
SJI,2022-07-01
CPAC,2022-07-01
CFCV,2022-07-01
GLU,2022-07-01
CVM,2022-07-01
CUT,2022-07-01
ZDGE,2022-07-01
SZK,2022-07-01
ARMK,2022-07-01
EAT,2022-07-01
SEB,2022-07-01
SGDM,2022-07-01
SCHQ,2022-07-01
CIEN,2022-07-01
FFEB,2022-07-01
SCHK,2022-07-01
RVP,2022-07-01
CHIX,2022-07-01
BRMK,2022-07-01
JMST,2022-07-01
TOK,2022-07-01
ID,2022-07-01
TNL,2022-07-01
FXZ,2022-07-01
CCM,2022-07-01
SLCA,2022-07-01
PFFA,2022-07-01
ATG,2021-05-03
OVM,2022-07-01
WLYB,2022-07-01
YCBD,2022-07-01
TPOR,2022-07-01
FCOM,2022-07-01
ENB,2022-07-01
PDN,2022-07-01
FNDF,2022-07-01
TLGA,2022-07-01
CLIX,2022-07-01
BLX,2022-07-01
AEFC,2022-07-01
KSS,2022-07-01
FOA,2022-07-01
LNG,2022-07-01
EDIV,2022-07-01
CMSC,2022-07-01
STNC,2022-07-01
AGRO,2022-07-01
SMB,2022-07-01
ENPC,2022-07-01
FNV,2022-07-01
PFLT,2022-07-01
MAGA,2022-07-01
SH,2022-07-01
NAK,2022-07-01
UJUN,2022-07-01
DUST,2022-07-01
AAT,2022-07-01
PAC,2022-07-01
CHRA,2022-07-01
VRT,2022-07-01
CLH,2022-07-01
OSH,2022-07-01
USA,2022-07-01
PSFF,2022-07-01
CATO,2022-07-01
AMN,2022-07-01
ALEX,2022-07-01
RLGT,2022-07-01
CMCM,2022-07-01
NUDM,2022-07-01
LEJU,2022-07-01
MAG,2022-07-01
GHG,2022-07-01
FOUR,2022-07-01
BLD,2022-07-01
MDC,2022-07-01
YOLO,2022-07-01
SONY,2022-07-01
RCS,2022-07-01
DOL,2022-07-01
VCV,2022-07-01
GBUG,2022-07-01
CHIS,2022-07-01
TNC,2022-07-01
UGL,2022-07-01
EQWL,2022-07-01
RSI,2022-07-01
RODI,2022-07-01
FBP,2022-07-01
PYPE,2022-07-01
G,2022-07-01
LTHM,2022-07-01
GLCN,2022-07-01
ARCO,2022-07-01
SPIP,2022-07-01
DFHY,2022-07-01
IBML,2022-07-01
CSL,2022-07-01
MMP,2022-07-01
JGLD,2022-07-01
FSS,2022-07-01
XPRO,2022-07-01
PCQ,2022-07-01
UYM,2022-07-01
SSPY,2022-07-01
HRI,2022-07-01
WHG,2022-07-01
SMFG,2022-07-01
TS,2022-07-01
VIRS,2022-07-01
WEA,2022-07-01
CLS,2022-07-01
RDIV,2022-07-01
IGE,2022-07-01
PUMP,2022-07-01
BOWL,2022-07-01
CIVI,2022-07-01
GFX,2022-07-01
SJIJ,2022-07-01
SPEM,2022-07-01
AMRC,2022-07-01
TNA,2022-07-01
OCTZ,2022-07-01
NVG,2022-07-01
FUMB,2022-07-01
AMR,2022-07-01
URTY,2022-07-01
FCO,2022-07-01
EPHE,2022-07-01
ARL,2022-07-01
JOE,2022-07-01
MSB,2022-07-01
IVOO,2022-07-01
ARI,2022-07-01
RLJ,2022-07-01
AZUL,2022-07-01
DRSK,2022-07-01
RBND,2022-07-01
FIF,2022-07-01
GDX,2022-07-01
AL,2022-07-01
IYZ,2022-07-01
DOC,2022-07-01
BIL,2022-07-01
KAPR,2022-07-01
BEDZ,2022-07-01
SVM,2022-07-01
OSCV,2022-07-01
FRDM,2022-07-01
LNN,2022-07-01
WGLD,2022-07-01
EQS,2022-07-01
DSJA,2022-07-01
EAI,2022-07-01
ELVT,2022-07-01
RMED,2022-07-01
BRW,2022-07-01
MWA,2022-07-01
KBE,2022-07-01
ELA,2022-07-01
CIO,2022-07-01
CQP,2022-07-01
PZN,2022-07-01
ACU,2022-07-01
BCO,2022-07-01
SOI,2022-07-01
FLKR,2022-07-01
RSF,2022-07-01
EUSB,2022-07-01
MVRL,2022-07-01
CLW,2022-07-01
FXO,2022-07-01
ERM,2022-07-01
INTT,2022-07-01
HSCZ,2022-07-01
EDF,2022-07-01
HRTG,2022-07-01
TOL,2022-07-01
HOG,2022-07-01
XHS,2022-07-01
USCI,2022-07-01
NG,2022-07-01
NTCO,2022-07-01
TRTY,2022-07-01
MMTM,2022-07-01
AWX,2022-07-01
XLK,2022-07-01
MAN,2022-07-01
IQI,2022-07-01
SYN,2022-07-01
SBIO,2022-07-01
INUV,2022-07-01
PAWZ,2022-07-01
OLN,2022-07-01
AYI,2022-07-01
DEEP,2022-07-01
MPLX,2022-07-01
DYNF,2022-07-01
ALIT,2022-07-01
ISD,2022-07-01
AEF,2022-07-01
DBLV,2022-07-01
SCDL,2022-07-01
EMF,2022-07-01
AIU,2022-07-01
REVS,2022-07-01
UBOT,2022-07-01
MNRL,2022-07-01
HIL,2022-07-01
TDS,2022-07-01
PBND,2022-07-01
EDV,2022-07-01
NLR,2022-07-01
PRPB,2022-07-01
SKYH,2022-07-01
FNDA,2022-07-01
HSBC,2022-07-01
PRPC,2022-07-01
PKX,2022-07-01
THS,2022-07-01
IEDI,2022-07-01
SPYC,2022-07-01
NL,2022-07-01
ITC.NS,2022-07-01
FTF,2022-07-01
BIZD,2022-07-01
TWLO,2022-07-01
FGRO,2022-07-01
OUNZ,2022-07-01
HEZU,2022-07-01
MEG,2022-07-01
DKS,2022-07-01
WSR,2022-07-01
UE,2022-07-01
UZE,2022-07-01
USAI,2022-07-01
MFGP,2022-07-01
TLTE,2022-07-01
WLMS,2022-07-01
SPRE,2022-07-01
IBDV,2022-07-01
ICOW,2022-07-01
WTM,2022-07-01
EMBD,2022-07-01
JEMD,2022-07-01
ASL,2018-07-13
EGP,2022-07-01
MBBB,2022-07-01
MYI,2022-07-01
CPUH,2022-07-01
KMLM,2022-07-01
HJPX,2022-07-01
PAVE,2022-07-01
TEP,2018-07-02
SCC,2022-07-01
YSG,2022-07-01
REZI,2022-07-01
ECC,2022-07-01
VEGA,2022-07-01
ZROZ,2022-07-01
SAIC,2022-07-01
FEDX,2022-07-01
XLI,2022-07-01
GUSH,2022-07-01
RPT,2022-07-01
NAPR,2022-07-01
CRC,2022-07-01
IDLV,2022-07-01
MTCN,2022-07-01
IWS,2022-07-01
BHK,2022-07-01
IDOG,2022-07-01
JTC,2018-09-26
LPL,2022-07-01
ENX,2022-07-01
BKKT,2022-07-01
NRGD,2022-07-01
REZ,2022-07-01
MGMT,2022-07-01
ASA,2022-07-01
IYK,2022-07-01
PXF,2022-07-01
AMPE,2022-07-01
EB,2022-07-01
DNP,2022-07-01
FDG,2022-07-01
XCEM,2022-07-01
MIG,2022-07-01
EPRT,2022-07-01
CNE,2017-11-24
WPCB,2022-07-01
TCAP,2022-03-02
CP,2022-07-01
EDEN,2022-07-01
CEW,2022-07-01
ONTO,2022-07-01
CPRI,2022-07-01
TWOA,2022-07-01
AFK,2022-07-01
SWCH,2022-07-01
ILF,2022-07-01
WOR,2022-07-01
USFR,2022-07-01
TWO,2022-07-01
CPHI,2022-07-01
PGRE,2022-07-01
RLX,2022-07-01
HYI,2022-07-01
NULG,2022-07-01
RELIANCE.NS,2022-07-01
IIIN,2022-07-01
SWN,2022-07-01
GVI,2022-07-01
PTN,2022-07-01
SUN,2022-07-01
DHX,2022-07-01
FLAU,2022-07-01
XTN,2022-07-01
AFLG,2022-07-01
AFG,2022-07-01
VTN,2022-07-01
PSR,2022-07-01
GSIE,2022-07-01
VEGN,2022-07-01
MAC,2022-07-01
NPV,2022-07-01
UDOW,2022-07-01
GEM,2022-07-01
RELX,2022-07-01
BLHY,2022-07-01
AVYA,2022-07-01
SREA,2022-07-01
CAF,2022-07-01
FMF,2022-07-01
AWP,2022-07-01
GLDM,2022-07-01
EUDG,2022-07-01
PHG,2022-07-01
HHC,2022-07-01
YINN,2022-07-01
AUGZ,2022-07-01
FDL,2022-07-01
DWX,2022-07-01
ESGY,2022-07-01
UBT,2022-07-01
EMWP,2022-07-01
XHR,2022-07-01
CHGX,2022-07-01
IMH,2022-07-01
SPE,2022-07-01
CNHI,2022-07-01
ORA,2022-07-01
PFSI,2022-07-01
RFM,2022-07-01
IHI,2022-07-01
OHI,2022-07-01
DNZ,2022-07-01
NAT,2022-07-01
HTGC,2022-07-01
HIPS,2022-07-01
SPXC,2022-07-01
SOJD,2022-07-01
RCB,2022-07-01
DBAW,2022-07-01
RETL,2022-07-01
RES,2022-07-01
LCTU,2022-07-01
UVV,2022-07-01
NTZ,2022-07-01
SNP,2022-07-01
TELL,2022-07-01
KB,2022-07-01
VNM,2022-07-01
UNG,2022-07-01
LCG,2022-07-01
QTWO,2022-07-01
DAUG,2022-07-01
EMD,2022-07-01
NFJ,2022-07-01
WWE,2022-07-01
IVAL,2022-07-01
HYXU,2022-07-01
DTH,2022-07-01
BAK,2022-07-01
NPO,2022-07-01
JHML,2022-07-01
FIEE,2022-07-01
SMDD,2022-07-01
VPV,2022-07-01
QGRO,2022-07-01
IRS,2022-07-01
IIPR,2022-07-01
QLC,2022-07-01
RA,2022-07-01
PTLC,2022-07-01
TTP,2022-07-01
BST,2022-07-01
RXL,2022-07-01
WFH,2022-07-01
FNDE,2022-07-01
FNGO,2022-07-01
BRDS,2022-07-01
EUDV,2022-07-01
GSJY,2022-07-01
GQRE,2022-07-01
PZG,2022-07-01
INDS,2022-07-01
ARMR,2022-07-01
IPOD,2022-07-01
RAVI,2022-07-01
TLK,2022-07-01
ECH,2022-07-01
OIH,2022-07-01
BKEM,2022-07-01
REGL,2022-07-01
WANT,2022-07-01
PTY,2022-07-01
DBV,2022-07-01
KWAC,2022-07-01
NSR,2022-07-01
IBDN,2022-07-01
PTMC,2022-07-01
SCT,2019-02-27
SGOV,2022-07-01
AMRX,2022-07-01
GOED,2022-07-01
DRD,2022-07-01
JMOM,2022-07-01
MUNI,2022-07-01
NVRO,2022-07-01
JIGB,2022-07-01
DEEF,2022-07-01
CYB,2022-07-01
GRES,2022-07-01
AMUB,2022-07-01
EBR,2022-07-01
IXSE,2022-07-01
XLG,2022-07-01
NIM,2022-07-01
CCU,2022-07-01
CIA,2022-07-01
RCD,2022-07-01
KREF,2022-07-01
SF,2022-07-01
XBI,2022-07-01
EFV,2022-07-01
ONGC.NS,2022-07-01
FLQD,2022-07-01
EFIX,2022-07-01
RBAC,2022-07-01
FIDU,2022-07-01
SSY,2022-07-01
TTE,2022-07-01
LIO,2018-01-08
KLDW,2022-07-01
JWN,2022-07-01
EVC,2022-07-01
JELD,2022-07-01
IHF,2022-07-01
URA,2022-07-01
BNKD,2022-07-01
SQ,2022-07-01
GIB,2022-07-01
EQL,2022-07-01
CTBB,2022-07-01
HYMB,2022-07-01
GOLF,2022-07-01
OEC,2022-07-01
CLAS,2022-07-01
HPI,2022-07-01
Y,2022-07-01
EYLD,2022-07-01
EWCO,2022-07-01
ETWO,2022-07-01
SCHX,2022-07-01
BOXD,2022-07-01
UFI,2022-07-01
